x,y,date,area,state,days_duration,total_active_cases,humidity,temperature,rainfall
101.61369705200002,3.090625763999981,23/04/2025,E9. KT SS 8 APT KELANA IMPIAN,SELANGOR,32,9,85.66666666666667,26.6,15.5
101.61369705200002,3.090625763999981,24/04/2025,E9. KT SS 8 APT KELANA IMPIAN,SELANGOR,32,9,82.08333333333333,27.3,6.6
101.61369705200002,3.090625763999981,25/04/2025,E9. KT SS 8 APT KELANA IMPIAN,SELANGOR,34,9,77.04166666666667,28.6,0.1
101.61369705200002,3.090625763999981,26/04/2025,E9. KT SS 8 APT KELANA IMPIAN,SELANGOR,34,9,86.41666666666667,27.0,8.7
101.61369705200002,3.090625763999981,27/04/2025,E9. KT SS 8 APT KELANA IMPIAN,SELANGOR,34,9,81.25,27.5,4.2
101.61746538,3.078889870000012,28/04/2025,"E11. SRI PJS 6 FLAT DESA MENTARI 2 (BLOK 4 , 5 , 6)",SELANGOR,33,5,85.95833333333333,26.8,13.2
101.61369705200002,3.090625763999981,28/04/2025,E9. KT SS 8 APT KELANA IMPIAN,SELANGOR,34,9,85.95833333333333,26.7,13.2
101.61369705200002,3.090625763999981,28/04/2025,E9. KT SS 8 APT KELANA IMPIAN,SELANGOR,37,10,85.95833333333333,26.7,13.2
101.61746538,3.078889870000012,29/04/2025,"E11. SRI PJS 6 FLAT DESA MENTARI 2 (BLOK 4 , 5 , 6)",SELANGOR,33,5,81.29166666666667,27.3,4.8
101.61369705200002,3.090625763999981,29/04/2025,E9. KT SS 8 APT KELANA IMPIAN,SELANGOR,34,9,81.29166666666667,27.2,4.8
101.61369705200002,3.090625763999981,29/04/2025,E9. KT SS 8 APT KELANA IMPIAN,SELANGOR,37,10,81.29166666666667,27.2,4.8
101.61746538,3.078889870000012,30/04/2025,"E11. SRI PJS 6 FLAT DESA MENTARI 2 (BLOK 4 , 5 , 6)",SELANGOR,35,5,85.58333333333333,26.7,8.2
101.61746538,3.078889870000012,30/04/2025,"E11. SRI PJS 6 FLAT DESA MENTARI 2 (BLOK 4 , 5 , 6)",SELANGOR,33,5,85.58333333333333,26.7,8.2
101.61369705200002,3.090625763999981,30/04/2025,E9. KT SS 8 APT KELANA IMPIAN,SELANGOR,39,10,85.58333333333333,26.7,8.2
101.61369705200002,3.090625763999981,30/04/2025,E9. KT SS 8 APT KELANA IMPIAN,SELANGOR,34,9,85.58333333333333,26.7,8.2
101.61369705200002,3.090625763999981,30/04/2025,E9. KT SS 8 APT KELANA IMPIAN,SELANGOR,37,10,85.58333333333333,26.7,8.2
101.61746538,3.078889870000012,01/05/2025,"E11. SRI PJS 6 FLAT DESA MENTARI 2 (BLOK 4 , 5 , 6)",SELANGOR,36,5,85.25,27.1,11.6
101.61369705200002,3.090625763999981,01/05/2025,E9. KT SS 8 APT KELANA IMPIAN,SELANGOR,40,10,85.25,27.0,11.6
101.61746538,3.078889870000012,02/05/2025,"E11. SRI PJS 6 FLAT DESA MENTARI 2 (BLOK 4 , 5 , 6)",SELANGOR,36,5,84.16666666666667,27.5,8.3
101.61746538,3.078889870000012,02/05/2025,"E11. SRI PJS 6 FLAT DESA MENTARI 2 (BLOK 4 , 5 , 6)",SELANGOR,37,6,84.16666666666667,27.5,8.3
101.61369705200002,3.090625763999981,02/05/2025,E9. KT SS 8 APT KELANA IMPIAN,SELANGOR,40,10,84.16666666666667,27.5,8.3
101.61369705200002,3.090625763999981,02/05/2025,E9. KT SS 8 APT KELANA IMPIAN,SELANGOR,41,10,84.16666666666667,27.5,8.3
101.61746538,3.078889870000012,03/05/2025,"E11. SRI PJS 6 FLAT DESA MENTARI 2 (BLOK 4 , 5 , 6)",SELANGOR,38,6,87.20833333333333,26.8,17.8
101.61746538,3.078889870000012,03/05/2025,"E11. SRI PJS 6 FLAT DESA MENTARI 2 (BLOK 4 , 5 , 6)",SELANGOR,36,5,87.20833333333333,26.8,17.8
101.61746538,3.078889870000012,03/05/2025,"E11. SRI PJS 6 FLAT DESA MENTARI 2 (BLOK 4 , 5 , 6)",SELANGOR,37,6,87.20833333333333,26.8,17.8
101.61369705200002,3.090625763999981,03/05/2025,E9. KT SS 8 APT KELANA IMPIAN,SELANGOR,42,10,87.20833333333333,26.8,17.8
101.61369705200002,3.090625763999981,03/05/2025,E9. KT SS 8 APT KELANA IMPIAN,SELANGOR,40,10,87.20833333333333,26.8,17.8
101.61369705200002,3.090625763999981,03/05/2025,E9. KT SS 8 APT KELANA IMPIAN,SELANGOR,41,10,87.20833333333333,26.8,17.8
101.61746538,3.078889870000012,04/05/2025,"E11. SRI PJS 6 FLAT DESA MENTARI 2 (BLOK 4 , 5 , 6)",SELANGOR,38,6,89.95833333333333,26.0,16.3
101.61746538,3.078889870000012,04/05/2025,"E11. SRI PJS 6 FLAT DESA MENTARI 2 (BLOK 4 , 5 , 6)",SELANGOR,36,5,89.95833333333333,26.0,16.3
101.61746538,3.078889870000012,04/05/2025,"E11. SRI PJS 6 FLAT DESA MENTARI 2 (BLOK 4 , 5 , 6)",SELANGOR,37,6,89.95833333333333,26.0,16.3
101.61746538,3.078889870000012,04/05/2025,"E11. SRI PJS 6 FLAT DESA MENTARI 2 (BLOK 4 , 5 , 6)",SELANGOR,39,6,89.95833333333333,26.0,16.3
101.61369705200002,3.090625763999981,04/05/2025,E9. KT SS 8 APT KELANA IMPIAN,SELANGOR,42,10,89.95833333333333,25.9,16.3
101.61369705200002,3.090625763999981,04/05/2025,E9. KT SS 8 APT KELANA IMPIAN,SELANGOR,40,10,89.95833333333333,25.9,16.3
101.61369705200002,3.090625763999981,04/05/2025,E9. KT SS 8 APT KELANA IMPIAN,SELANGOR,41,10,89.95833333333333,25.9,16.3
101.61369705200002,3.090625763999981,04/05/2025,E9. KT SS 8 APT KELANA IMPIAN,SELANGOR,43,10,89.95833333333333,25.9,16.3
101.61746538,3.078889870000012,05/05/2025,"E11. SRI PJS 6 FLAT DESA MENTARI 2 (BLOK 4 , 5 , 6)",SELANGOR,38,6,89.04166666666667,26.1,18.5
101.61746538,3.078889870000012,05/05/2025,"E11. SRI PJS 6 FLAT DESA MENTARI 2 (BLOK 4 , 5 , 6)",SELANGOR,36,5,89.04166666666667,26.1,18.5
101.61746538,3.078889870000012,05/05/2025,"E11. SRI PJS 6 FLAT DESA MENTARI 2 (BLOK 4 , 5 , 6)",SELANGOR,37,6,89.04166666666667,26.1,18.5
101.61746538,3.078889870000012,05/05/2025,"E11. SRI PJS 6 FLAT DESA MENTARI 2 (BLOK 4 , 5 , 6)",SELANGOR,39,6,89.04166666666667,26.1,18.5
101.61746538,3.078889870000012,05/05/2025,"E11. SRI PJS 6 FLAT DESA MENTARI 2 (BLOK 4 , 5 , 6)",SELANGOR,40,6,89.04166666666667,26.1,18.5
101.61369705200002,3.090625763999981,05/05/2025,E9. KT SS 8 APT KELANA IMPIAN,SELANGOR,42,10,89.0,26.1,18.5
101.61369705200002,3.090625763999981,05/05/2025,E9. KT SS 8 APT KELANA IMPIAN,SELANGOR,40,10,89.0,26.1,18.5
101.61369705200002,3.090625763999981,05/05/2025,E9. KT SS 8 APT KELANA IMPIAN,SELANGOR,41,10,89.0,26.1,18.5
101.61369705200002,3.090625763999981,05/05/2025,E9. KT SS 8 APT KELANA IMPIAN,SELANGOR,43,10,89.0,26.1,18.5
101.61369705200002,3.090625763999981,05/05/2025,E9. KT SS 8 APT KELANA IMPIAN,SELANGOR,44,10,89.0,26.1,18.5
101.61746538,3.078889870000012,06/05/2025,"E11. SRI PJS 6 FLAT DESA MENTARI 2 (BLOK 4 , 5 , 6)",SELANGOR,38,6,80.25,28.4,2.3
101.61746538,3.078889870000012,06/05/2025,"E11. SRI PJS 6 FLAT DESA MENTARI 2 (BLOK 4 , 5 , 6)",SELANGOR,36,5,80.25,28.4,2.3
101.61746538,3.078889870000012,06/05/2025,"E11. SRI PJS 6 FLAT DESA MENTARI 2 (BLOK 4 , 5 , 6)",SELANGOR,37,6,80.25,28.4,2.3
101.61746538,3.078889870000012,06/05/2025,"E11. SRI PJS 6 FLAT DESA MENTARI 2 (BLOK 4 , 5 , 6)",SELANGOR,39,6,80.25,28.4,2.3
101.61746538,3.078889870000012,06/05/2025,"E11. SRI PJS 6 FLAT DESA MENTARI 2 (BLOK 4 , 5 , 6)",SELANGOR,40,6,80.25,28.4,2.3
101.61369705200002,3.090625763999981,06/05/2025,E9. KT SS 8 APT KELANA IMPIAN,SELANGOR,42,10,80.25,28.3,2.3
101.61369705200002,3.090625763999981,06/05/2025,E9. KT SS 8 APT KELANA IMPIAN,SELANGOR,40,10,80.25,28.3,2.3
101.61369705200002,3.090625763999981,06/05/2025,E9. KT SS 8 APT KELANA IMPIAN,SELANGOR,41,10,80.25,28.3,2.3
101.61369705200002,3.090625763999981,06/05/2025,E9. KT SS 8 APT KELANA IMPIAN,SELANGOR,43,10,80.25,28.3,2.3
101.61369705200002,3.090625763999981,06/05/2025,E9. KT SS 8 APT KELANA IMPIAN,SELANGOR,44,10,80.25,28.3,2.3
101.61746538,3.078889870000012,07/05/2025,"E11. SRI PJS 6 FLAT DESA MENTARI 2 (BLOK 4 , 5 , 6)",SELANGOR,38,6,83.54166666666667,27.8,5.6
101.61746538,3.078889870000012,07/05/2025,"E11. SRI PJS 6 FLAT DESA MENTARI 2 (BLOK 4 , 5 , 6)",SELANGOR,36,5,83.54166666666667,27.8,5.6
101.61746538,3.078889870000012,07/05/2025,"E11. SRI PJS 6 FLAT DESA MENTARI 2 (BLOK 4 , 5 , 6)",SELANGOR,42,6,83.54166666666667,27.8,5.6
101.61746538,3.078889870000012,07/05/2025,"E11. SRI PJS 6 FLAT DESA MENTARI 2 (BLOK 4 , 5 , 6)",SELANGOR,37,6,83.54166666666667,27.8,5.6
101.61746538,3.078889870000012,07/05/2025,"E11. SRI PJS 6 FLAT DESA MENTARI 2 (BLOK 4 , 5 , 6)",SELANGOR,39,6,83.54166666666667,27.8,5.6
101.61746538,3.078889870000012,07/05/2025,"E11. SRI PJS 6 FLAT DESA MENTARI 2 (BLOK 4 , 5 , 6)",SELANGOR,40,6,83.54166666666667,27.8,5.6
101.61369705200002,3.090625763999981,07/05/2025,E9. KT SS 8 APT KELANA IMPIAN,SELANGOR,42,10,83.54166666666667,27.8,5.6
101.61369705200002,3.090625763999981,07/05/2025,E9. KT SS 8 APT KELANA IMPIAN,SELANGOR,40,10,83.54166666666667,27.8,5.6
101.61369705200002,3.090625763999981,07/05/2025,E9. KT SS 8 APT KELANA IMPIAN,SELANGOR,46,10,83.54166666666667,27.8,5.6
101.61369705200002,3.090625763999981,07/05/2025,E9. KT SS 8 APT KELANA IMPIAN,SELANGOR,41,10,83.54166666666667,27.8,5.6
101.61369705200002,3.090625763999981,07/05/2025,E9. KT SS 8 APT KELANA IMPIAN,SELANGOR,43,10,83.54166666666667,27.8,5.6
101.61369705200002,3.090625763999981,07/05/2025,E9. KT SS 8 APT KELANA IMPIAN,SELANGOR,44,10,83.54166666666667,27.8,5.6
101.61746538,3.078889870000012,08/05/2025,"E11. SRI PJS 6 FLAT DESA MENTARI 2 (BLOK 4 , 5 , 6)",SELANGOR,43,6,83.20833333333333,27.7,3.0
101.61369705200002,3.090625763999981,08/05/2025,E9. KT SS 8 APT KELANA IMPIAN,SELANGOR,47,10,83.20833333333333,27.7,3.0
101.61746538,3.078889870000012,09/05/2025,"E11. SRI PJS 6 FLAT DESA MENTARI 2 (BLOK 4 , 5 , 6)",SELANGOR,43,6,84.375,27.8,3.3
101.61746538,3.078889870000012,09/05/2025,"E11. SRI PJS 6 FLAT DESA MENTARI 2 (BLOK 4 , 5 , 6)",SELANGOR,44,6,84.375,27.8,3.3
101.61369705200002,3.090625763999981,09/05/2025,E9. KT SS 8 APT KELANA IMPIAN,SELANGOR,47,10,84.375,27.7,3.3
101.61369705200002,3.090625763999981,09/05/2025,E9. KT SS 8 APT KELANA IMPIAN,SELANGOR,48,10,84.375,27.7,3.3
101.61746538,3.078889870000012,10/05/2025,"E11. SRI PJS 6 FLAT DESA MENTARI 2 (BLOK 4 , 5 , 6)",SELANGOR,43,6,81.25,28.0,8.4
101.61746538,3.078889870000012,10/05/2025,"E11. SRI PJS 6 FLAT DESA MENTARI 2 (BLOK 4 , 5 , 6)",SELANGOR,44,6,81.25,28.0,8.4
101.61746538,3.078889870000012,10/05/2025,"E11. SRI PJS 6 FLAT DESA MENTARI 2 (BLOK 4 , 5 , 6)",SELANGOR,45,6,81.25,28.0,8.4
101.61369705200002,3.090625763999981,10/05/2025,E9. KT SS 8 APT KELANA IMPIAN,SELANGOR,47,10,81.25,27.9,8.4
101.61369705200002,3.090625763999981,10/05/2025,E9. KT SS 8 APT KELANA IMPIAN,SELANGOR,48,10,81.25,27.9,8.4
101.61746538,3.078889870000012,11/05/2025,"E11. SRI PJS 6 FLAT DESA MENTARI 2 (BLOK 4 , 5 , 6)",SELANGOR,43,6,84.08333333333333,27.6,1.6
101.61746538,3.078889870000012,11/05/2025,"E11. SRI PJS 6 FLAT DESA MENTARI 2 (BLOK 4 , 5 , 6)",SELANGOR,44,6,84.08333333333333,27.6,1.6
101.61746538,3.078889870000012,11/05/2025,"E11. SRI PJS 6 FLAT DESA MENTARI 2 (BLOK 4 , 5 , 6)",SELANGOR,46,6,84.08333333333333,27.6,1.6
101.61746538,3.078889870000012,11/05/2025,"E11. SRI PJS 6 FLAT DESA MENTARI 2 (BLOK 4 , 5 , 6)",SELANGOR,45,6,84.08333333333333,27.6,1.6
101.61369705200002,3.090625763999981,11/05/2025,E9. KT SS 8 APT KELANA IMPIAN,SELANGOR,47,10,84.08333333333333,27.6,1.6
101.61369705200002,3.090625763999981,11/05/2025,E9. KT SS 8 APT KELANA IMPIAN,SELANGOR,48,10,84.08333333333333,27.6,1.6
101.61746538,3.078889870000012,12/05/2025,"E11. SRI PJS 6 FLAT DESA MENTARI 2 (BLOK 4 , 5 , 6)",SELANGOR,43,6,79.83333333333333,28.5,0.5
101.61746538,3.078889870000012,12/05/2025,"E11. SRI PJS 6 FLAT DESA MENTARI 2 (BLOK 4 , 5 , 6)",SELANGOR,44,6,79.83333333333333,28.5,0.5
101.61746538,3.078889870000012,12/05/2025,"E11. SRI PJS 6 FLAT DESA MENTARI 2 (BLOK 4 , 5 , 6)",SELANGOR,46,6,79.83333333333333,28.5,0.5
101.61746538,3.078889870000012,12/05/2025,"E11. SRI PJS 6 FLAT DESA MENTARI 2 (BLOK 4 , 5 , 6)",SELANGOR,45,6,79.83333333333333,28.5,0.5
101.61746538,3.078889870000012,12/05/2025,"E11. SRI PJS 6 FLAT DESA MENTARI 2 (BLOK 4 , 5 , 6)",SELANGOR,47,6,79.83333333333333,28.5,0.5
101.61369705200002,3.090625763999981,12/05/2025,E9. KT SS 8 APT KELANA IMPIAN,SELANGOR,47,10,79.83333333333333,28.4,0.5
101.61369705200002,3.090625763999981,12/05/2025,E9. KT SS 8 APT KELANA IMPIAN,SELANGOR,48,10,79.83333333333333,28.4,0.5
101.61746538,3.078889870000012,13/05/2025,"E11. SRI PJS 6 FLAT DESA MENTARI 2 (BLOK 4 , 5 , 6)",SELANGOR,43,6,78.25,28.8,6.5
101.61746538,3.078889870000012,13/05/2025,"E11. SRI PJS 6 FLAT DESA MENTARI 2 (BLOK 4 , 5 , 6)",SELANGOR,48,6,78.25,28.8,6.5
101.61746538,3.078889870000012,13/05/2025,"E11. SRI PJS 6 FLAT DESA MENTARI 2 (BLOK 4 , 5 , 6)",SELANGOR,44,6,78.25,28.8,6.5
101.61746538,3.078889870000012,13/05/2025,"E11. SRI PJS 6 FLAT DESA MENTARI 2 (BLOK 4 , 5 , 6)",SELANGOR,46,6,78.25,28.8,6.5
101.61746538,3.078889870000012,13/05/2025,"E11. SRI PJS 6 FLAT DESA MENTARI 2 (BLOK 4 , 5 , 6)",SELANGOR,45,6,78.25,28.8,6.5
101.61746538,3.078889870000012,13/05/2025,"E11. SRI PJS 6 FLAT DESA MENTARI 2 (BLOK 4 , 5 , 6)",SELANGOR,47,6,78.25,28.8,6.5
101.61369705200002,3.090625763999981,13/05/2025,E9. KT SS 8 APT KELANA IMPIAN,SELANGOR,47,10,78.25,28.7,6.5
101.61369705200002,3.090625763999981,13/05/2025,E9. KT SS 8 APT KELANA IMPIAN,SELANGOR,48,10,78.25,28.7,6.5
101.647563935,3.1525615460000154,13/05/2025,BUKIT DAMANSARA (DESA DAMANSARA CONDOMINIUM),WILAYAH PERSEKUTUAN,31,5,78.625,28.1,6.3
101.61746538,3.078889870000012,14/05/2025,"E11. SRI PJS 6 FLAT DESA MENTARI 2 (BLOK 4 , 5 , 6)",SELANGOR,49,6,77.91666666666667,28.8,2.7
101.61746538,3.078889870000012,14/05/2025,"E11. SRI PJS 6 FLAT DESA MENTARI 2 (BLOK 4 , 5 , 6)",SELANGOR,43,6,77.91666666666667,28.8,2.7
101.61746538,3.078889870000012,14/05/2025,"E11. SRI PJS 6 FLAT DESA MENTARI 2 (BLOK 4 , 5 , 6)",SELANGOR,48,6,77.91666666666667,28.8,2.7
101.61746538,3.078889870000012,14/05/2025,"E11. SRI PJS 6 FLAT DESA MENTARI 2 (BLOK 4 , 5 , 6)",SELANGOR,44,6,77.91666666666667,28.8,2.7
101.61746538,3.078889870000012,14/05/2025,"E11. SRI PJS 6 FLAT DESA MENTARI 2 (BLOK 4 , 5 , 6)",SELANGOR,46,6,77.91666666666667,28.8,2.7
101.61746538,3.078889870000012,14/05/2025,"E11. SRI PJS 6 FLAT DESA MENTARI 2 (BLOK 4 , 5 , 6)",SELANGOR,45,6,77.91666666666667,28.8,2.7
101.61746538,3.078889870000012,14/05/2025,"E11. SRI PJS 6 FLAT DESA MENTARI 2 (BLOK 4 , 5 , 6)",SELANGOR,47,6,77.91666666666667,28.8,2.7
101.61369705200002,3.090625763999981,14/05/2025,E9. KT SS 8 APT KELANA IMPIAN,SELANGOR,47,10,77.91666666666667,28.7,2.7
101.61369705200002,3.090625763999981,14/05/2025,E9. KT SS 8 APT KELANA IMPIAN,SELANGOR,48,10,77.91666666666667,28.7,2.7
101.647563935,3.1525615460000154,14/05/2025,BUKIT DAMANSARA (DESA DAMANSARA CONDOMINIUM),WILAYAH PERSEKUTUAN,32,7,78.5,28.1,7.7
101.647563935,3.1525615460000154,14/05/2025,BUKIT DAMANSARA (DESA DAMANSARA CONDOMINIUM),WILAYAH PERSEKUTUAN,31,5,78.5,28.1,7.7
101.647563935,3.1525615460000154,15/05/2025,BUKIT DAMANSARA (DESA DAMANSARA CONDOMINIUM),WILAYAH PERSEKUTUAN,33,7,73.375,28.6,0.1
101.647563935,3.1525615460000154,16/05/2025,BUKIT DAMANSARA (DESA DAMANSARA CONDOMINIUM),WILAYAH PERSEKUTUAN,33,7,79.45833333333333,27.7,2.4
101.647563935,3.1525615460000154,16/05/2025,BUKIT DAMANSARA (DESA DAMANSARA CONDOMINIUM),WILAYAH PERSEKUTUAN,34,7,79.45833333333333,27.7,2.4
101.647563935,3.1525615460000154,17/05/2025,BUKIT DAMANSARA (DESA DAMANSARA CONDOMINIUM),WILAYAH PERSEKUTUAN,33,7,78.79166666666667,28.2,0.4
101.647563935,3.1525615460000154,17/05/2025,BUKIT DAMANSARA (DESA DAMANSARA CONDOMINIUM),WILAYAH PERSEKUTUAN,35,7,78.79166666666667,28.2,0.4
101.647563935,3.1525615460000154,17/05/2025,BUKIT DAMANSARA (DESA DAMANSARA CONDOMINIUM),WILAYAH PERSEKUTUAN,34,7,78.79166666666667,28.2,0.4
101.647563935,3.1525615460000154,18/05/2025,BUKIT DAMANSARA (DESA DAMANSARA CONDOMINIUM),WILAYAH PERSEKUTUAN,33,7,85.875,26.7,9.1
101.647563935,3.1525615460000154,18/05/2025,BUKIT DAMANSARA (DESA DAMANSARA CONDOMINIUM),WILAYAH PERSEKUTUAN,35,7,85.875,26.7,9.1
101.647563935,3.1525615460000154,18/05/2025,BUKIT DAMANSARA (DESA DAMANSARA CONDOMINIUM),WILAYAH PERSEKUTUAN,34,7,85.875,26.7,9.1
101.647563935,3.1525615460000154,18/05/2025,BUKIT DAMANSARA (DESA DAMANSARA CONDOMINIUM),WILAYAH PERSEKUTUAN,36,7,85.875,26.7,9.1
101.647563935,3.1525615460000154,19/05/2025,BUKIT DAMANSARA (DESA DAMANSARA CONDOMINIUM),WILAYAH PERSEKUTUAN,37,7,87.5,26.3,14.3
101.647563935,3.1525615460000154,19/05/2025,BUKIT DAMANSARA (DESA DAMANSARA CONDOMINIUM),WILAYAH PERSEKUTUAN,33,7,87.5,26.3,14.3
101.647563935,3.1525615460000154,19/05/2025,BUKIT DAMANSARA (DESA DAMANSARA CONDOMINIUM),WILAYAH PERSEKUTUAN,35,7,87.5,26.3,14.3
101.647563935,3.1525615460000154,19/05/2025,BUKIT DAMANSARA (DESA DAMANSARA CONDOMINIUM),WILAYAH PERSEKUTUAN,34,7,87.5,26.3,14.3
101.647563935,3.1525615460000154,19/05/2025,BUKIT DAMANSARA (DESA DAMANSARA CONDOMINIUM),WILAYAH PERSEKUTUAN,36,7,87.5,26.3,14.3
101.647563935,3.1525615460000154,20/05/2025,BUKIT DAMANSARA (DESA DAMANSARA CONDOMINIUM),WILAYAH PERSEKUTUAN,37,7,87.83333333333333,26.0,18.2
101.647563935,3.1525615460000154,20/05/2025,BUKIT DAMANSARA (DESA DAMANSARA CONDOMINIUM),WILAYAH PERSEKUTUAN,33,7,87.83333333333333,26.0,18.2
101.647563935,3.1525615460000154,20/05/2025,BUKIT DAMANSARA (DESA DAMANSARA CONDOMINIUM),WILAYAH PERSEKUTUAN,35,7,87.83333333333333,26.0,18.2
101.647563935,3.1525615460000154,20/05/2025,BUKIT DAMANSARA (DESA DAMANSARA CONDOMINIUM),WILAYAH PERSEKUTUAN,34,7,87.83333333333333,26.0,18.2
101.647563935,3.1525615460000154,20/05/2025,BUKIT DAMANSARA (DESA DAMANSARA CONDOMINIUM),WILAYAH PERSEKUTUAN,38,8,87.83333333333333,26.0,18.2
101.647563935,3.1525615460000154,20/05/2025,BUKIT DAMANSARA (DESA DAMANSARA CONDOMINIUM),WILAYAH PERSEKUTUAN,36,7,87.83333333333333,26.0,18.2
101.647563935,3.1525615460000154,21/05/2025,BUKIT DAMANSARA (DESA DAMANSARA CONDOMINIUM),WILAYAH PERSEKUTUAN,37,7,88.83333333333333,26.0,20.9
101.647563935,3.1525615460000154,21/05/2025,BUKIT DAMANSARA (DESA DAMANSARA CONDOMINIUM),WILAYAH PERSEKUTUAN,39,8,88.83333333333333,26.0,20.9
101.647563935,3.1525615460000154,21/05/2025,BUKIT DAMANSARA (DESA DAMANSARA CONDOMINIUM),WILAYAH PERSEKUTUAN,33,7,88.83333333333333,26.0,20.9
101.647563935,3.1525615460000154,21/05/2025,BUKIT DAMANSARA (DESA DAMANSARA CONDOMINIUM),WILAYAH PERSEKUTUAN,35,7,88.83333333333333,26.0,20.9
101.647563935,3.1525615460000154,21/05/2025,BUKIT DAMANSARA (DESA DAMANSARA CONDOMINIUM),WILAYAH PERSEKUTUAN,34,7,88.83333333333333,26.0,20.9
101.647563935,3.1525615460000154,21/05/2025,BUKIT DAMANSARA (DESA DAMANSARA CONDOMINIUM),WILAYAH PERSEKUTUAN,38,8,88.83333333333333,26.0,20.9
101.647563935,3.1525615460000154,21/05/2025,BUKIT DAMANSARA (DESA DAMANSARA CONDOMINIUM),WILAYAH PERSEKUTUAN,36,7,88.83333333333333,26.0,20.9
101.647563935,3.1525615460000154,22/05/2025,BUKIT DAMANSARA (DESA DAMANSARA CONDOMINIUM),WILAYAH PERSEKUTUAN,40,8,86.25,26.6,5.5
101.647563935,3.1525615460000154,23/05/2025,BUKIT DAMANSARA (DESA DAMANSARA CONDOMINIUM),WILAYAH PERSEKUTUAN,41,8,80.58333333333333,27.5,0.7
101.647563935,3.1525615460000154,23/05/2025,BUKIT DAMANSARA (DESA DAMANSARA CONDOMINIUM),WILAYAH PERSEKUTUAN,40,8,80.58333333333333,27.5,0.7
101.647563935,3.1525615460000154,24/05/2025,BUKIT DAMANSARA (DESA DAMANSARA CONDOMINIUM),WILAYAH PERSEKUTUAN,41,8,76.95833333333333,28.2,1.0
101.647563935,3.1525615460000154,24/05/2025,BUKIT DAMANSARA (DESA DAMANSARA CONDOMINIUM),WILAYAH PERSEKUTUAN,40,8,76.95833333333333,28.2,1.0
101.647563935,3.1525615460000154,24/05/2025,BUKIT DAMANSARA (DESA DAMANSARA CONDOMINIUM),WILAYAH PERSEKUTUAN,42,8,76.95833333333333,28.2,1.0
101.647563935,3.1525615460000154,25/05/2025,BUKIT DAMANSARA (DESA DAMANSARA CONDOMINIUM),WILAYAH PERSEKUTUAN,41,8,80.70833333333333,27.7,2.2
101.647563935,3.1525615460000154,25/05/2025,BUKIT DAMANSARA (DESA DAMANSARA CONDOMINIUM),WILAYAH PERSEKUTUAN,43,8,80.70833333333333,27.7,2.2
101.647563935,3.1525615460000154,25/05/2025,BUKIT DAMANSARA (DESA DAMANSARA CONDOMINIUM),WILAYAH PERSEKUTUAN,40,8,80.70833333333333,27.7,2.2
101.647563935,3.1525615460000154,25/05/2025,BUKIT DAMANSARA (DESA DAMANSARA CONDOMINIUM),WILAYAH PERSEKUTUAN,42,8,80.70833333333333,27.7,2.2
101.647563935,3.1525615460000154,26/05/2025,BUKIT DAMANSARA (DESA DAMANSARA CONDOMINIUM),WILAYAH PERSEKUTUAN,41,8,77.91666666666667,27.3,0.0
101.647563935,3.1525615460000154,26/05/2025,BUKIT DAMANSARA (DESA DAMANSARA CONDOMINIUM),WILAYAH PERSEKUTUAN,43,8,77.91666666666667,27.3,0.0
101.647563935,3.1525615460000154,26/05/2025,BUKIT DAMANSARA (DESA DAMANSARA CONDOMINIUM),WILAYAH PERSEKUTUAN,40,8,77.91666666666667,27.3,0.0
101.647563935,3.1525615460000154,26/05/2025,BUKIT DAMANSARA (DESA DAMANSARA CONDOMINIUM),WILAYAH PERSEKUTUAN,42,8,77.91666666666667,27.3,0.0
101.647563935,3.1525615460000154,27/05/2025,BUKIT DAMANSARA (DESA DAMANSARA CONDOMINIUM),WILAYAH PERSEKUTUAN,41,8,76.16666666666667,28.6,0.0
101.647563935,3.1525615460000154,27/05/2025,BUKIT DAMANSARA (DESA DAMANSARA CONDOMINIUM),WILAYAH PERSEKUTUAN,43,8,76.16666666666667,28.6,0.0
101.647563935,3.1525615460000154,27/05/2025,BUKIT DAMANSARA (DESA DAMANSARA CONDOMINIUM),WILAYAH PERSEKUTUAN,40,8,76.16666666666667,28.6,0.0
101.647563935,3.1525615460000154,27/05/2025,BUKIT DAMANSARA (DESA DAMANSARA CONDOMINIUM),WILAYAH PERSEKUTUAN,42,8,76.16666666666667,28.6,0.0
101.647563935,3.1525615460000154,28/05/2025,BUKIT DAMANSARA (DESA DAMANSARA CONDOMINIUM),WILAYAH PERSEKUTUAN,41,8,74.08333333333333,29.3,0.4
101.647563935,3.1525615460000154,28/05/2025,BUKIT DAMANSARA (DESA DAMANSARA CONDOMINIUM),WILAYAH PERSEKUTUAN,43,8,74.08333333333333,29.3,0.4
101.647563935,3.1525615460000154,28/05/2025,BUKIT DAMANSARA (DESA DAMANSARA CONDOMINIUM),WILAYAH PERSEKUTUAN,40,8,74.08333333333333,29.3,0.4
101.647563935,3.1525615460000154,28/05/2025,BUKIT DAMANSARA (DESA DAMANSARA CONDOMINIUM),WILAYAH PERSEKUTUAN,42,8,74.08333333333333,29.3,0.4
101.647563935,3.1525615460000154,29/05/2025,BUKIT DAMANSARA (DESA DAMANSARA CONDOMINIUM),WILAYAH PERSEKUTUAN,47,8,83.04166666666667,26.2,5.1
101.647563935,3.1525615460000154,30/05/2025,BUKIT DAMANSARA (DESA DAMANSARA CONDOMINIUM),WILAYAH PERSEKUTUAN,48,8,76.66666666666667,26.9,4.1
101.647563935,3.1525615460000154,30/05/2025,BUKIT DAMANSARA (DESA DAMANSARA CONDOMINIUM),WILAYAH PERSEKUTUAN,47,8,76.66666666666667,26.9,4.1
101.647563935,3.1525615460000154,31/05/2025,BUKIT DAMANSARA (DESA DAMANSARA CONDOMINIUM),WILAYAH PERSEKUTUAN,48,8,79.5,27.6,0.3
101.647563935,3.1525615460000154,31/05/2025,BUKIT DAMANSARA (DESA DAMANSARA CONDOMINIUM),WILAYAH PERSEKUTUAN,49,8,79.5,27.6,0.3
101.647563935,3.1525615460000154,31/05/2025,BUKIT DAMANSARA (DESA DAMANSARA CONDOMINIUM),WILAYAH PERSEKUTUAN,47,8,79.5,27.6,0.3
101.647563935,3.1525615460000154,01/06/2025,BUKIT DAMANSARA (DESA DAMANSARA CONDOMINIUM),WILAYAH PERSEKUTUAN,50,8,63.166666666666664,29.4,0.1
101.647563935,3.1525615460000154,01/06/2025,BUKIT DAMANSARA (DESA DAMANSARA CONDOMINIUM),WILAYAH PERSEKUTUAN,48,8,63.166666666666664,29.4,0.1
101.647563935,3.1525615460000154,01/06/2025,BUKIT DAMANSARA (DESA DAMANSARA CONDOMINIUM),WILAYAH PERSEKUTUAN,49,8,63.166666666666664,29.4,0.1
101.647563935,3.1525615460000154,01/06/2025,BUKIT DAMANSARA (DESA DAMANSARA CONDOMINIUM),WILAYAH PERSEKUTUAN,47,8,63.166666666666664,29.4,0.1
101.647563935,3.1525615460000154,02/06/2025,BUKIT DAMANSARA (DESA DAMANSARA CONDOMINIUM),WILAYAH PERSEKUTUAN,50,8,72.04166666666667,28.3,1.2
101.647563935,3.1525615460000154,02/06/2025,BUKIT DAMANSARA (DESA DAMANSARA CONDOMINIUM),WILAYAH PERSEKUTUAN,48,8,72.04166666666667,28.3,1.2
101.647563935,3.1525615460000154,02/06/2025,BUKIT DAMANSARA (DESA DAMANSARA CONDOMINIUM),WILAYAH PERSEKUTUAN,49,8,72.04166666666667,28.3,1.2
101.647563935,3.1525615460000154,02/06/2025,BUKIT DAMANSARA (DESA DAMANSARA CONDOMINIUM),WILAYAH PERSEKUTUAN,47,8,72.04166666666667,28.3,1.2
101.647563935,3.1525615460000154,03/06/2025,BUKIT DAMANSARA (DESA DAMANSARA CONDOMINIUM),WILAYAH PERSEKUTUAN,50,8,72.375,28.4,0.9
101.647563935,3.1525615460000154,03/06/2025,BUKIT DAMANSARA (DESA DAMANSARA CONDOMINIUM),WILAYAH PERSEKUTUAN,48,8,72.375,28.4,0.9
101.647563935,3.1525615460000154,03/06/2025,BUKIT DAMANSARA (DESA DAMANSARA CONDOMINIUM),WILAYAH PERSEKUTUAN,49,8,72.375,28.4,0.9
101.647563935,3.1525615460000154,03/06/2025,BUKIT DAMANSARA (DESA DAMANSARA CONDOMINIUM),WILAYAH PERSEKUTUAN,47,8,72.375,28.4,0.9
101.647563935,3.1525615460000154,04/06/2025,BUKIT DAMANSARA (DESA DAMANSARA CONDOMINIUM),WILAYAH PERSEKUTUAN,50,8,77.45833333333333,27.8,7.5
101.647563935,3.1525615460000154,04/06/2025,BUKIT DAMANSARA (DESA DAMANSARA CONDOMINIUM),WILAYAH PERSEKUTUAN,48,8,77.45833333333333,27.8,7.5
101.647563935,3.1525615460000154,04/06/2025,BUKIT DAMANSARA (DESA DAMANSARA CONDOMINIUM),WILAYAH PERSEKUTUAN,49,8,77.45833333333333,27.8,7.5
101.647563935,3.1525615460000154,04/06/2025,BUKIT DAMANSARA (DESA DAMANSARA CONDOMINIUM),WILAYAH PERSEKUTUAN,47,8,77.45833333333333,27.8,7.5
101.647563935,3.1525615460000154,05/06/2025,BUKIT DAMANSARA (DESA DAMANSARA CONDOMINIUM),WILAYAH PERSEKUTUAN,50,8,79.41666666666667,27.5,0.8
101.647563935,3.1525615460000154,05/06/2025,BUKIT DAMANSARA (DESA DAMANSARA CONDOMINIUM),WILAYAH PERSEKUTUAN,48,8,79.41666666666667,27.5,0.8
101.647563935,3.1525615460000154,05/06/2025,BUKIT DAMANSARA (DESA DAMANSARA CONDOMINIUM),WILAYAH PERSEKUTUAN,49,8,79.41666666666667,27.5,0.8
101.647563935,3.1525615460000154,05/06/2025,BUKIT DAMANSARA (DESA DAMANSARA CONDOMINIUM),WILAYAH PERSEKUTUAN,47,8,79.41666666666667,27.5,0.8
101.61892700200002,3.079881549999982,06/06/2025,"E11. SRI PJS 6 FLAT DESA MENTARI 1 (BLOK 1 , 2 , 3)",SELANGOR,31,9,87.5,26.7,11.0
101.61892700200002,3.079881549999982,07/06/2025,"E11. SRI PJS 6 FLAT DESA MENTARI 1 (BLOK 1 , 2 , 3)",SELANGOR,31,9,85.91666666666667,27.0,10.6
101.61892700200002,3.079881549999982,07/06/2025,"E11. SRI PJS 6 FLAT DESA MENTARI 1 (BLOK 1 , 2 , 3)",SELANGOR,32,10,85.91666666666667,27.0,10.6
101.61892700200002,3.079881549999982,08/06/2025,"E11. SRI PJS 6 FLAT DESA MENTARI 1 (BLOK 1 , 2 , 3)",SELANGOR,31,9,80.29166666666667,27.7,0.6
101.61892700200002,3.079881549999982,08/06/2025,"E11. SRI PJS 6 FLAT DESA MENTARI 1 (BLOK 1 , 2 , 3)",SELANGOR,32,10,80.29166666666667,27.7,0.6
101.61892700200002,3.079881549999982,09/06/2025,"E11. SRI PJS 6 FLAT DESA MENTARI 1 (BLOK 1 , 2 , 3)",SELANGOR,31,9,73.79166666666667,28.6,0.0
101.61892700200002,3.079881549999982,09/06/2025,"E11. SRI PJS 6 FLAT DESA MENTARI 1 (BLOK 1 , 2 , 3)",SELANGOR,32,10,73.79166666666667,28.6,0.0
101.67136617699998,3.123569739000004,10/06/2025,BANGSAR HEIGHT KONDO,WILAYAH PERSEKUTUAN,31,5,84.83333333333333,26.4,22.4
101.61892700200002,3.079881549999982,10/06/2025,"E11. SRI PJS 6 FLAT DESA MENTARI 1 (BLOK 1 , 2 , 3)",SELANGOR,31,9,83.70833333333333,26.9,14.9
101.61892700200002,3.079881549999982,10/06/2025,"E11. SRI PJS 6 FLAT DESA MENTARI 1 (BLOK 1 , 2 , 3)",SELANGOR,35,10,83.70833333333333,26.9,14.9
101.61892700200002,3.079881549999982,10/06/2025,"E11. SRI PJS 6 FLAT DESA MENTARI 1 (BLOK 1 , 2 , 3)",SELANGOR,32,10,83.70833333333333,26.9,14.9
101.67136617699998,3.123569739000004,11/06/2025,BANGSAR HEIGHT KONDO,WILAYAH PERSEKUTUAN,31,5,72.58333333333333,27.4,0.0
101.61892700200002,3.079881549999982,11/06/2025,"E11. SRI PJS 6 FLAT DESA MENTARI 1 (BLOK 1 , 2 , 3)",SELANGOR,31,9,73.16666666666667,28.0,0.0
101.61892700200002,3.079881549999982,11/06/2025,"E11. SRI PJS 6 FLAT DESA MENTARI 1 (BLOK 1 , 2 , 3)",SELANGOR,35,10,73.16666666666667,28.0,0.0
101.61892700200002,3.079881549999982,11/06/2025,"E11. SRI PJS 6 FLAT DESA MENTARI 1 (BLOK 1 , 2 , 3)",SELANGOR,32,10,73.16666666666667,28.0,0.0
101.67136617699998,3.123569739000004,12/06/2025,BANGSAR HEIGHT KONDO,WILAYAH PERSEKUTUAN,31,5,74.5,28.1,0.0
101.61892700200002,3.079881549999982,12/06/2025,"E11. SRI PJS 6 FLAT DESA MENTARI 1 (BLOK 1 , 2 , 3)",SELANGOR,31,9,72.54166666666667,28.5,0.0
101.61892700200002,3.079881549999982,12/06/2025,"E11. SRI PJS 6 FLAT DESA MENTARI 1 (BLOK 1 , 2 , 3)",SELANGOR,35,10,72.54166666666667,28.5,0.0
101.61892700200002,3.079881549999982,12/06/2025,"E11. SRI PJS 6 FLAT DESA MENTARI 1 (BLOK 1 , 2 , 3)",SELANGOR,32,10,72.54166666666667,28.5,0.0
101.67136617699998,3.123569739000004,13/06/2025,BANGSAR HEIGHT KONDO,WILAYAH PERSEKUTUAN,34,7,74.58333333333333,28.3,0.0
101.61892700200002,3.079881549999982,13/06/2025,"E11. SRI PJS 6 FLAT DESA MENTARI 1 (BLOK 1 , 2 , 3)",SELANGOR,38,10,72.66666666666667,29.0,0.0
101.67136617699998,3.123569739000004,14/06/2025,BANGSAR HEIGHT KONDO,WILAYAH PERSEKUTUAN,35,7,73.75,28.6,0.2
101.67136617699998,3.123569739000004,14/06/2025,BANGSAR HEIGHT KONDO,WILAYAH PERSEKUTUAN,34,7,73.75,28.6,0.2
101.61892700200002,3.079881549999982,14/06/2025,"E11. SRI PJS 6 FLAT DESA MENTARI 1 (BLOK 1 , 2 , 3)",SELANGOR,39,10,71.25,29.2,0.3
101.61892700200002,3.079881549999982,14/06/2025,"E11. SRI PJS 6 FLAT DESA MENTARI 1 (BLOK 1 , 2 , 3)",SELANGOR,38,10,71.25,29.2,0.3
101.67136617699998,3.123569739000004,15/06/2025,BANGSAR HEIGHT KONDO,WILAYAH PERSEKUTUAN,35,7,74.625,28.6,1.1
101.67136617699998,3.123569739000004,15/06/2025,BANGSAR HEIGHT KONDO,WILAYAH PERSEKUTUAN,36,7,74.625,28.6,1.1
101.67136617699998,3.123569739000004,15/06/2025,BANGSAR HEIGHT KONDO,WILAYAH PERSEKUTUAN,34,7,74.625,28.6,1.1
101.61892700200002,3.079881549999982,15/06/2025,"E11. SRI PJS 6 FLAT DESA MENTARI 1 (BLOK 1 , 2 , 3)",SELANGOR,39,10,74.83333333333333,29.1,4.6
101.61892700200002,3.079881549999982,15/06/2025,"E11. SRI PJS 6 FLAT DESA MENTARI 1 (BLOK 1 , 2 , 3)",SELANGOR,40,10,74.83333333333333,29.1,4.6
101.61892700200002,3.079881549999982,15/06/2025,"E11. SRI PJS 6 FLAT DESA MENTARI 1 (BLOK 1 , 2 , 3)",SELANGOR,38,10,74.83333333333333,29.1,4.6
101.60939593900002,3.0808161339999742,16/06/2025,E11. SRI PJS 8 MENTARI COURT,SELANGOR,31,8,83.25,26.8,24.4
101.67136617699998,3.123569739000004,16/06/2025,BANGSAR HEIGHT KONDO,WILAYAH PERSEKUTUAN,35,7,82.75,26.5,38.1
101.67136617699998,3.123569739000004,16/06/2025,BANGSAR HEIGHT KONDO,WILAYAH PERSEKUTUAN,36,7,82.75,26.5,38.1
101.67136617699998,3.123569739000004,16/06/2025,BANGSAR HEIGHT KONDO,WILAYAH PERSEKUTUAN,37,7,82.75,26.5,38.1
101.67136617699998,3.123569739000004,16/06/2025,BANGSAR HEIGHT KONDO,WILAYAH PERSEKUTUAN,34,7,82.75,26.5,38.1
101.61892700200002,3.079881549999982,16/06/2025,"E11. SRI PJS 6 FLAT DESA MENTARI 1 (BLOK 1 , 2 , 3)",SELANGOR,39,10,83.25,26.8,24.4
101.61892700200002,3.079881549999982,16/06/2025,"E11. SRI PJS 6 FLAT DESA MENTARI 1 (BLOK 1 , 2 , 3)",SELANGOR,40,10,83.25,26.8,24.4
101.61892700200002,3.079881549999982,16/06/2025,"E11. SRI PJS 6 FLAT DESA MENTARI 1 (BLOK 1 , 2 , 3)",SELANGOR,41,10,83.25,26.8,24.4
101.61892700200002,3.079881549999982,16/06/2025,"E11. SRI PJS 6 FLAT DESA MENTARI 1 (BLOK 1 , 2 , 3)",SELANGOR,38,10,83.25,26.8,24.4
101.60939593900002,3.0808161339999742,17/06/2025,E11. SRI PJS 8 MENTARI COURT,SELANGOR,31,8,85.83333333333333,26.5,17.0
101.60939593900002,3.0808161339999742,17/06/2025,E11. SRI PJS 8 MENTARI COURT,SELANGOR,32,8,85.83333333333333,26.5,17.0
101.67136617699998,3.123569739000004,17/06/2025,BANGSAR HEIGHT KONDO,WILAYAH PERSEKUTUAN,35,7,85.54166666666667,26.1,19.3
101.67136617699998,3.123569739000004,17/06/2025,BANGSAR HEIGHT KONDO,WILAYAH PERSEKUTUAN,36,7,85.54166666666667,26.1,19.3
101.67136617699998,3.123569739000004,17/06/2025,BANGSAR HEIGHT KONDO,WILAYAH PERSEKUTUAN,37,7,85.54166666666667,26.1,19.3
101.67136617699998,3.123569739000004,17/06/2025,BANGSAR HEIGHT KONDO,WILAYAH PERSEKUTUAN,38,7,85.54166666666667,26.1,19.3
101.67136617699998,3.123569739000004,17/06/2025,BANGSAR HEIGHT KONDO,WILAYAH PERSEKUTUAN,34,7,85.54166666666667,26.1,19.3
101.61892700200002,3.079881549999982,17/06/2025,"E11. SRI PJS 6 FLAT DESA MENTARI 1 (BLOK 1 , 2 , 3)",SELANGOR,39,10,85.83333333333333,26.5,17.0
101.61892700200002,3.079881549999982,17/06/2025,"E11. SRI PJS 6 FLAT DESA MENTARI 1 (BLOK 1 , 2 , 3)",SELANGOR,40,10,85.83333333333333,26.5,17.0
101.61892700200002,3.079881549999982,17/06/2025,"E11. SRI PJS 6 FLAT DESA MENTARI 1 (BLOK 1 , 2 , 3)",SELANGOR,41,10,85.83333333333333,26.5,17.0
101.61892700200002,3.079881549999982,17/06/2025,"E11. SRI PJS 6 FLAT DESA MENTARI 1 (BLOK 1 , 2 , 3)",SELANGOR,42,10,85.83333333333333,26.5,17.0
101.61892700200002,3.079881549999982,17/06/2025,"E11. SRI PJS 6 FLAT DESA MENTARI 1 (BLOK 1 , 2 , 3)",SELANGOR,38,10,85.83333333333333,26.5,17.0
101.60939593900002,3.0808161339999742,18/06/2025,E11. SRI PJS 8 MENTARI COURT,SELANGOR,33,8,73.20833333333333,28.0,0.1
101.60939593900002,3.0808161339999742,18/06/2025,E11. SRI PJS 8 MENTARI COURT,SELANGOR,31,8,73.20833333333333,28.0,0.1
101.60939593900002,3.0808161339999742,18/06/2025,E11. SRI PJS 8 MENTARI COURT,SELANGOR,32,8,73.20833333333333,28.0,0.1
101.67136617699998,3.123569739000004,18/06/2025,BANGSAR HEIGHT KONDO,WILAYAH PERSEKUTUAN,35,7,72.375,27.6,0.2
101.67136617699998,3.123569739000004,18/06/2025,BANGSAR HEIGHT KONDO,WILAYAH PERSEKUTUAN,39,7,72.375,27.6,0.2
101.67136617699998,3.123569739000004,18/06/2025,BANGSAR HEIGHT KONDO,WILAYAH PERSEKUTUAN,36,7,72.375,27.6,0.2
101.67136617699998,3.123569739000004,18/06/2025,BANGSAR HEIGHT KONDO,WILAYAH PERSEKUTUAN,37,7,72.375,27.6,0.2
101.67136617699998,3.123569739000004,18/06/2025,BANGSAR HEIGHT KONDO,WILAYAH PERSEKUTUAN,38,7,72.375,27.6,0.2
101.67136617699998,3.123569739000004,18/06/2025,BANGSAR HEIGHT KONDO,WILAYAH PERSEKUTUAN,34,7,72.375,27.6,0.2
101.61892700200002,3.079881549999982,18/06/2025,"E11. SRI PJS 6 FLAT DESA MENTARI 1 (BLOK 1 , 2 , 3)",SELANGOR,39,10,73.20833333333333,28.0,0.1
101.61892700200002,3.079881549999982,18/06/2025,"E11. SRI PJS 6 FLAT DESA MENTARI 1 (BLOK 1 , 2 , 3)",SELANGOR,43,10,73.20833333333333,28.0,0.1
101.61892700200002,3.079881549999982,18/06/2025,"E11. SRI PJS 6 FLAT DESA MENTARI 1 (BLOK 1 , 2 , 3)",SELANGOR,40,10,73.20833333333333,28.0,0.1
101.61892700200002,3.079881549999982,18/06/2025,"E11. SRI PJS 6 FLAT DESA MENTARI 1 (BLOK 1 , 2 , 3)",SELANGOR,41,10,73.20833333333333,28.0,0.1
101.61892700200002,3.079881549999982,18/06/2025,"E11. SRI PJS 6 FLAT DESA MENTARI 1 (BLOK 1 , 2 , 3)",SELANGOR,42,10,73.20833333333333,28.0,0.1
101.61892700200002,3.079881549999982,18/06/2025,"E11. SRI PJS 6 FLAT DESA MENTARI 1 (BLOK 1 , 2 , 3)",SELANGOR,38,10,73.20833333333333,28.0,0.1
101.60939593900002,3.0808161339999742,19/06/2025,E11. SRI PJS 8 MENTARI COURT,SELANGOR,34,8,74.25,28.6,0.4
101.67136617699998,3.123569739000004,19/06/2025,BANGSAR HEIGHT KONDO,WILAYAH PERSEKUTUAN,40,7,74.66666666666667,28.2,0.2
101.60939593900002,3.0808161339999742,20/06/2025,E11. SRI PJS 8 MENTARI COURT,SELANGOR,34,8,85.29166666666667,26.4,3.1
101.60939593900002,3.0808161339999742,20/06/2025,E11. SRI PJS 8 MENTARI COURT,SELANGOR,35,8,85.29166666666667,26.4,3.1
101.67136617699998,3.123569739000004,20/06/2025,BANGSAR HEIGHT KONDO,WILAYAH PERSEKUTUAN,40,7,84.70833333333333,25.6,1.9
101.67136617699998,3.123569739000004,20/06/2025,BANGSAR HEIGHT KONDO,WILAYAH PERSEKUTUAN,41,7,84.70833333333333,25.6,1.9
101.60939593900002,3.0808161339999742,21/06/2025,E11. SRI PJS 8 MENTARI COURT,SELANGOR,36,8,75.66666666666667,27.7,0.2
101.60939593900002,3.0808161339999742,21/06/2025,E11. SRI PJS 8 MENTARI COURT,SELANGOR,34,8,75.66666666666667,27.7,0.2
101.60939593900002,3.0808161339999742,21/06/2025,E11. SRI PJS 8 MENTARI COURT,SELANGOR,35,8,75.66666666666667,27.7,0.2
101.67136617699998,3.123569739000004,21/06/2025,BANGSAR HEIGHT KONDO,WILAYAH PERSEKUTUAN,42,7,75.29166666666667,27.2,0.0
101.67136617699998,3.123569739000004,21/06/2025,BANGSAR HEIGHT KONDO,WILAYAH PERSEKUTUAN,40,7,75.29166666666667,27.2,0.0
101.67136617699998,3.123569739000004,21/06/2025,BANGSAR HEIGHT KONDO,WILAYAH PERSEKUTUAN,41,7,75.29166666666667,27.2,0.0
101.60939593900002,3.0808161339999742,22/06/2025,E11. SRI PJS 8 MENTARI COURT,SELANGOR,36,8,70.91666666666667,28.6,0.0
101.60939593900002,3.0808161339999742,22/06/2025,E11. SRI PJS 8 MENTARI COURT,SELANGOR,34,8,70.91666666666667,28.6,0.0
101.60939593900002,3.0808161339999742,22/06/2025,E11. SRI PJS 8 MENTARI COURT,SELANGOR,35,8,70.91666666666667,28.6,0.0
101.67136617699998,3.123569739000004,22/06/2025,BANGSAR HEIGHT KONDO,WILAYAH PERSEKUTUAN,42,7,69.66666666666667,28.3,0.0
101.67136617699998,3.123569739000004,22/06/2025,BANGSAR HEIGHT KONDO,WILAYAH PERSEKUTUAN,40,7,69.66666666666667,28.3,0.0
101.67136617699998,3.123569739000004,22/06/2025,BANGSAR HEIGHT KONDO,WILAYAH PERSEKUTUAN,41,7,69.66666666666667,28.3,0.0
101.60939593900002,3.0808161339999742,23/06/2025,E11. SRI PJS 8 MENTARI COURT,SELANGOR,36,8,67.58333333333333,29.4,0.0
101.60939593900002,3.0808161339999742,23/06/2025,E11. SRI PJS 8 MENTARI COURT,SELANGOR,34,8,67.58333333333333,29.4,0.0
101.60939593900002,3.0808161339999742,23/06/2025,E11. SRI PJS 8 MENTARI COURT,SELANGOR,35,8,67.58333333333333,29.4,0.0
101.66316124000002,3.103425506999997,23/06/2025,KONDO RAKYAT,WILAYAH PERSEKUTUAN,31,9,66.04166666666667,29.1,0.0
101.67136617699998,3.123569739000004,23/06/2025,BANGSAR HEIGHT KONDO,WILAYAH PERSEKUTUAN,42,7,66.04166666666667,29.2,0.0
101.67136617699998,3.123569739000004,23/06/2025,BANGSAR HEIGHT KONDO,WILAYAH PERSEKUTUAN,44,7,66.04166666666667,29.2,0.0
101.67136617699998,3.123569739000004,23/06/2025,BANGSAR HEIGHT KONDO,WILAYAH PERSEKUTUAN,40,7,66.04166666666667,29.2,0.0
101.67136617699998,3.123569739000004,23/06/2025,BANGSAR HEIGHT KONDO,WILAYAH PERSEKUTUAN,41,7,66.04166666666667,29.2,0.0
101.60939593900002,3.0808161339999742,24/06/2025,E11. SRI PJS 8 MENTARI COURT,SELANGOR,36,8,66.5,29.5,0.0
101.60939593900002,3.0808161339999742,24/06/2025,E11. SRI PJS 8 MENTARI COURT,SELANGOR,34,8,66.5,29.5,0.0
101.60939593900002,3.0808161339999742,24/06/2025,E11. SRI PJS 8 MENTARI COURT,SELANGOR,35,8,66.5,29.5,0.0
101.66316124000002,3.103425506999997,24/06/2025,KONDO RAKYAT,WILAYAH PERSEKUTUAN,31,9,65.875,29.2,0.0
101.66316124000002,3.103425506999997,24/06/2025,KONDO RAKYAT,WILAYAH PERSEKUTUAN,32,9,65.875,29.2,0.0
101.67136617699998,3.123569739000004,24/06/2025,BANGSAR HEIGHT KONDO,WILAYAH PERSEKUTUAN,42,7,65.91666666666667,29.3,0.0
101.67136617699998,3.123569739000004,24/06/2025,BANGSAR HEIGHT KONDO,WILAYAH PERSEKUTUAN,44,7,65.91666666666667,29.3,0.0
101.67136617699998,3.123569739000004,24/06/2025,BANGSAR HEIGHT KONDO,WILAYAH PERSEKUTUAN,45,7,65.91666666666667,29.3,0.0
101.67136617699998,3.123569739000004,24/06/2025,BANGSAR HEIGHT KONDO,WILAYAH PERSEKUTUAN,40,7,65.91666666666667,29.3,0.0
101.67136617699998,3.123569739000004,24/06/2025,BANGSAR HEIGHT KONDO,WILAYAH PERSEKUTUAN,41,7,65.91666666666667,29.3,0.0
101.60939593900002,3.0808161339999742,25/06/2025,E11. SRI PJS 8 MENTARI COURT,SELANGOR,36,8,66.25,29.7,0.1
101.60939593900002,3.0808161339999742,25/06/2025,E11. SRI PJS 8 MENTARI COURT,SELANGOR,34,8,66.25,29.7,0.1
101.60939593900002,3.0808161339999742,25/06/2025,E11. SRI PJS 8 MENTARI COURT,SELANGOR,35,8,66.25,29.7,0.1
101.66316124000002,3.103425506999997,25/06/2025,KONDO RAKYAT,WILAYAH PERSEKUTUAN,31,9,67.25,29.2,1.0
101.66316124000002,3.103425506999997,25/06/2025,KONDO RAKYAT,WILAYAH PERSEKUTUAN,33,9,67.25,29.2,1.0
101.66316124000002,3.103425506999997,25/06/2025,KONDO RAKYAT,WILAYAH PERSEKUTUAN,32,9,67.25,29.2,1.0
101.67136617699998,3.123569739000004,25/06/2025,BANGSAR HEIGHT KONDO,WILAYAH PERSEKUTUAN,42,7,67.25,29.3,1.0
101.67136617699998,3.123569739000004,25/06/2025,BANGSAR HEIGHT KONDO,WILAYAH PERSEKUTUAN,44,7,67.25,29.3,1.0
101.67136617699998,3.123569739000004,25/06/2025,BANGSAR HEIGHT KONDO,WILAYAH PERSEKUTUAN,45,7,67.25,29.3,1.0
101.67136617699998,3.123569739000004,25/06/2025,BANGSAR HEIGHT KONDO,WILAYAH PERSEKUTUAN,40,7,67.25,29.3,1.0
101.67136617699998,3.123569739000004,25/06/2025,BANGSAR HEIGHT KONDO,WILAYAH PERSEKUTUAN,41,7,67.25,29.3,1.0
101.66316124000002,3.103425506999997,26/06/2025,KONDO RAKYAT,WILAYAH PERSEKUTUAN,34,9,66.79166666666667,29.2,0.1
101.66316124000002,3.103425506999997,27/06/2025,KONDO RAKYAT,WILAYAH PERSEKUTUAN,35,9,72.33333333333333,28.5,2.4
101.66316124000002,3.103425506999997,27/06/2025,KONDO RAKYAT,WILAYAH PERSEKUTUAN,34,9,72.33333333333333,28.5,2.4
101.66316124000002,3.103425506999997,28/06/2025,KONDO RAKYAT,WILAYAH PERSEKUTUAN,35,9,69.25,28.3,3.3
101.66316124000002,3.103425506999997,28/06/2025,KONDO RAKYAT,WILAYAH PERSEKUTUAN,36,9,69.25,28.3,3.3
101.66316124000002,3.103425506999997,28/06/2025,KONDO RAKYAT,WILAYAH PERSEKUTUAN,34,9,69.25,28.3,3.3
101.66316124000002,3.103425506999997,29/06/2025,KONDO RAKYAT,WILAYAH PERSEKUTUAN,35,9,60.583333333333336,29.8,0.6
101.66316124000002,3.103425506999997,29/06/2025,KONDO RAKYAT,WILAYAH PERSEKUTUAN,37,9,60.583333333333336,29.8,0.6
101.66316124000002,3.103425506999997,29/06/2025,KONDO RAKYAT,WILAYAH PERSEKUTUAN,36,9,60.583333333333336,29.8,0.6
101.66316124000002,3.103425506999997,29/06/2025,KONDO RAKYAT,WILAYAH PERSEKUTUAN,34,9,60.583333333333336,29.8,0.6
101.66316124000002,3.103425506999997,30/06/2025,KONDO RAKYAT,WILAYAH PERSEKUTUAN,38,9,59.125,29.9,1.5
101.66316124000002,3.103425506999997,30/06/2025,KONDO RAKYAT,WILAYAH PERSEKUTUAN,35,9,59.125,29.9,1.5
101.66316124000002,3.103425506999997,30/06/2025,KONDO RAKYAT,WILAYAH PERSEKUTUAN,37,9,59.125,29.9,1.5
101.66316124000002,3.103425506999997,30/06/2025,KONDO RAKYAT,WILAYAH PERSEKUTUAN,36,9,59.125,29.9,1.5
101.66316124000002,3.103425506999997,30/06/2025,KONDO RAKYAT,WILAYAH PERSEKUTUAN,34,9,59.125,29.9,1.5
101.66316124000002,3.103425506999997,01/07/2025,KONDO RAKYAT,WILAYAH PERSEKUTUAN,38,9,59.458333333333336,30.2,0.2
101.66316124000002,3.103425506999997,01/07/2025,KONDO RAKYAT,WILAYAH PERSEKUTUAN,35,9,59.458333333333336,30.2,0.2
101.66316124000002,3.103425506999997,01/07/2025,KONDO RAKYAT,WILAYAH PERSEKUTUAN,37,9,59.458333333333336,30.2,0.2
101.66316124000002,3.103425506999997,01/07/2025,KONDO RAKYAT,WILAYAH PERSEKUTUAN,36,9,59.458333333333336,30.2,0.2
101.66316124000002,3.103425506999997,01/07/2025,KONDO RAKYAT,WILAYAH PERSEKUTUAN,39,9,59.458333333333336,30.2,0.2
101.66316124000002,3.103425506999997,01/07/2025,KONDO RAKYAT,WILAYAH PERSEKUTUAN,34,9,59.458333333333336,30.2,0.2
101.67500959199998,3.108856885000023,02/07/2025,PPR KG LIMAU,WILAYAH PERSEKUTUAN,31,11,67.33333333333333,29.4,0.9
101.66316124000002,3.103425506999997,02/07/2025,KONDO RAKYAT,WILAYAH PERSEKUTUAN,40,9,67.20833333333333,29.0,0.9
101.67500959199998,3.108856885000023,03/07/2025,PPR KG LIMAU,WILAYAH PERSEKUTUAN,32,11,70.95833333333333,29.0,0.1
101.67500959199998,3.108856885000023,03/07/2025,PPR KG LIMAU,WILAYAH PERSEKUTUAN,31,11,70.95833333333333,29.0,0.1
101.66316124000002,3.103425506999997,03/07/2025,KONDO RAKYAT,WILAYAH PERSEKUTUAN,41,9,70.91666666666667,28.6,0.1
101.66316124000002,3.103425506999997,03/07/2025,KONDO RAKYAT,WILAYAH PERSEKUTUAN,40,9,70.91666666666667,28.6,0.1
101.67500959199998,3.108856885000023,04/07/2025,PPR KG LIMAU,WILAYAH PERSEKUTUAN,32,11,70.08333333333333,28.9,2.8
101.67500959199998,3.108856885000023,04/07/2025,PPR KG LIMAU,WILAYAH PERSEKUTUAN,33,11,70.08333333333333,28.9,2.8
101.67500959199998,3.108856885000023,04/07/2025,PPR KG LIMAU,WILAYAH PERSEKUTUAN,31,11,70.08333333333333,28.9,2.8
101.66316124000002,3.103425506999997,04/07/2025,KONDO RAKYAT,WILAYAH PERSEKUTUAN,41,9,70.04166666666667,28.5,2.8
101.66316124000002,3.103425506999997,04/07/2025,KONDO RAKYAT,WILAYAH PERSEKUTUAN,42,9,70.04166666666667,28.5,2.8
101.66316124000002,3.103425506999997,04/07/2025,KONDO RAKYAT,WILAYAH PERSEKUTUAN,40,9,70.04166666666667,28.5,2.8
101.67500959199998,3.108856885000023,05/07/2025,PPR KG LIMAU,WILAYAH PERSEKUTUAN,34,11,68.95833333333333,29.1,0.9
101.67500959199998,3.108856885000023,05/07/2025,PPR KG LIMAU,WILAYAH PERSEKUTUAN,32,11,68.95833333333333,29.1,0.9
101.67500959199998,3.108856885000023,05/07/2025,PPR KG LIMAU,WILAYAH PERSEKUTUAN,33,11,68.95833333333333,29.1,0.9
101.67500959199998,3.108856885000023,05/07/2025,PPR KG LIMAU,WILAYAH PERSEKUTUAN,31,11,68.95833333333333,29.1,0.9
101.66316124000002,3.103425506999997,05/07/2025,KONDO RAKYAT,WILAYAH PERSEKUTUAN,41,9,68.95833333333333,28.7,0.9
101.66316124000002,3.103425506999997,05/07/2025,KONDO RAKYAT,WILAYAH PERSEKUTUAN,42,9,68.95833333333333,28.7,0.9
101.66316124000002,3.103425506999997,05/07/2025,KONDO RAKYAT,WILAYAH PERSEKUTUAN,40,9,68.95833333333333,28.7,0.9
101.67500959199998,3.108856885000023,06/07/2025,PPR KG LIMAU,WILAYAH PERSEKUTUAN,34,11,67.29166666666667,29.1,1.3
101.67500959199998,3.108856885000023,06/07/2025,PPR KG LIMAU,WILAYAH PERSEKUTUAN,35,11,67.29166666666667,29.1,1.3
101.67500959199998,3.108856885000023,06/07/2025,PPR KG LIMAU,WILAYAH PERSEKUTUAN,32,11,67.29166666666667,29.1,1.3
101.67500959199998,3.108856885000023,06/07/2025,PPR KG LIMAU,WILAYAH PERSEKUTUAN,33,11,67.29166666666667,29.1,1.3
101.67500959199998,3.108856885000023,06/07/2025,PPR KG LIMAU,WILAYAH PERSEKUTUAN,31,11,67.29166666666667,29.1,1.3
101.66316124000002,3.103425506999997,06/07/2025,KONDO RAKYAT,WILAYAH PERSEKUTUAN,41,9,67.16666666666667,28.8,1.3
101.66316124000002,3.103425506999997,06/07/2025,KONDO RAKYAT,WILAYAH PERSEKUTUAN,42,9,67.16666666666667,28.8,1.3
101.66316124000002,3.103425506999997,06/07/2025,KONDO RAKYAT,WILAYAH PERSEKUTUAN,40,9,67.16666666666667,28.8,1.3
101.67500959199998,3.108856885000023,07/07/2025,PPR KG LIMAU,WILAYAH PERSEKUTUAN,34,11,57.875,30.4,0.2
101.67500959199998,3.108856885000023,07/07/2025,PPR KG LIMAU,WILAYAH PERSEKUTUAN,35,11,57.875,30.4,0.2
101.67500959199998,3.108856885000023,07/07/2025,PPR KG LIMAU,WILAYAH PERSEKUTUAN,32,11,57.875,30.4,0.2
101.67500959199998,3.108856885000023,07/07/2025,PPR KG LIMAU,WILAYAH PERSEKUTUAN,33,11,57.875,30.4,0.2
101.67500959199998,3.108856885000023,07/07/2025,PPR KG LIMAU,WILAYAH PERSEKUTUAN,36,11,57.875,30.4,0.2
101.67500959199998,3.108856885000023,07/07/2025,PPR KG LIMAU,WILAYAH PERSEKUTUAN,31,11,57.875,30.4,0.2
101.66316124000002,3.103425506999997,07/07/2025,KONDO RAKYAT,WILAYAH PERSEKUTUAN,41,9,57.791666666666664,30.0,0.2
101.66316124000002,3.103425506999997,07/07/2025,KONDO RAKYAT,WILAYAH PERSEKUTUAN,42,9,57.791666666666664,30.0,0.2
101.66316124000002,3.103425506999997,07/07/2025,KONDO RAKYAT,WILAYAH PERSEKUTUAN,40,9,57.791666666666664,30.0,0.2
101.67500959199998,3.108856885000023,08/07/2025,PPR KG LIMAU,WILAYAH PERSEKUTUAN,34,11,68.45833333333333,28.9,2.1
101.67500959199998,3.108856885000023,08/07/2025,PPR KG LIMAU,WILAYAH PERSEKUTUAN,35,11,68.45833333333333,28.9,2.1
101.67500959199998,3.108856885000023,08/07/2025,PPR KG LIMAU,WILAYAH PERSEKUTUAN,32,11,68.45833333333333,28.9,2.1
101.67500959199998,3.108856885000023,08/07/2025,PPR KG LIMAU,WILAYAH PERSEKUTUAN,33,11,68.45833333333333,28.9,2.1
101.67500959199998,3.108856885000023,08/07/2025,PPR KG LIMAU,WILAYAH PERSEKUTUAN,36,11,68.45833333333333,28.9,2.1
101.67500959199998,3.108856885000023,08/07/2025,PPR KG LIMAU,WILAYAH PERSEKUTUAN,31,11,68.45833333333333,28.9,2.1
101.66316124000002,3.103425506999997,08/07/2025,KONDO RAKYAT,WILAYAH PERSEKUTUAN,41,9,68.41666666666667,28.5,2.1
101.66316124000002,3.103425506999997,08/07/2025,KONDO RAKYAT,WILAYAH PERSEKUTUAN,42,9,68.41666666666667,28.5,2.1
101.66316124000002,3.103425506999997,08/07/2025,KONDO RAKYAT,WILAYAH PERSEKUTUAN,40,9,68.41666666666667,28.5,2.1
101.67500959199998,3.108856885000023,09/07/2025,PPR KG LIMAU,WILAYAH PERSEKUTUAN,34,11,66.79166666666667,29.5,0.0
101.67500959199998,3.108856885000023,09/07/2025,PPR KG LIMAU,WILAYAH PERSEKUTUAN,35,11,66.79166666666667,29.5,0.0
101.67500959199998,3.108856885000023,09/07/2025,PPR KG LIMAU,WILAYAH PERSEKUTUAN,32,11,66.79166666666667,29.5,0.0
101.67500959199998,3.108856885000023,09/07/2025,PPR KG LIMAU,WILAYAH PERSEKUTUAN,33,11,66.79166666666667,29.5,0.0
101.67500959199998,3.108856885000023,09/07/2025,PPR KG LIMAU,WILAYAH PERSEKUTUAN,36,11,66.79166666666667,29.5,0.0
101.67500959199998,3.108856885000023,09/07/2025,PPR KG LIMAU,WILAYAH PERSEKUTUAN,31,11,66.79166666666667,29.5,0.0
101.66316124000002,3.103425506999997,09/07/2025,KONDO RAKYAT,WILAYAH PERSEKUTUAN,41,9,66.66666666666667,29.1,0.0
101.66316124000002,3.103425506999997,09/07/2025,KONDO RAKYAT,WILAYAH PERSEKUTUAN,42,9,66.66666666666667,29.1,0.0
101.66316124000002,3.103425506999997,09/07/2025,KONDO RAKYAT,WILAYAH PERSEKUTUAN,40,9,66.66666666666667,29.1,0.0
101.614875794,3.110574172999975,21/07/2025,"E9. KT SS 2 (1) [JLN SS 2/1-2/4, 2/4A,4B, 2/5-2/23, 2/25, 2/25A]",SELANGOR,31,4,58.125,30.8,0.0
101.614875794,3.110574172999975,22/07/2025,"E9. KT SS 2 (1) [JLN SS 2/1-2/4, 2/4A,4B, 2/5-2/23, 2/25, 2/25A]",SELANGOR,31,4,64.70833333333333,29.3,2.7
101.614875794,3.110574172999975,22/07/2025,"E9. KT SS 2 (1) [JLN SS 2/1-2/4, 2/4A,4B, 2/5-2/23, 2/25, 2/25A]",SELANGOR,32,4,64.70833333333333,29.3,2.7
101.614875794,3.110574172999975,23/07/2025,"E9. KT SS 2 (1) [JLN SS 2/1-2/4, 2/4A,4B, 2/5-2/23, 2/25, 2/25A]",SELANGOR,31,4,64.20833333333333,29.9,0.2
101.614875794,3.110574172999975,23/07/2025,"E9. KT SS 2 (1) [JLN SS 2/1-2/4, 2/4A,4B, 2/5-2/23, 2/25, 2/25A]",SELANGOR,32,4,64.20833333333333,29.9,0.2
101.614875794,3.110574172999975,23/07/2025,"E9. KT SS 2 (1) [JLN SS 2/1-2/4, 2/4A,4B, 2/5-2/23, 2/25, 2/25A]",SELANGOR,33,4,64.20833333333333,29.9,0.2
101.614875794,3.110574172999975,24/07/2025,"E9. KT SS 2 (1) [JLN SS 2/1-2/4, 2/4A,4B, 2/5-2/23, 2/25, 2/25A]",SELANGOR,34,4,69.54166666666667,29.4,3.5
101.614875794,3.110574172999975,25/07/2025,"E9. KT SS 2 (1) [JLN SS 2/1-2/4, 2/4A,4B, 2/5-2/23, 2/25, 2/25A]",SELANGOR,35,4,74.625,28.1,2.6
101.614875794,3.110574172999975,25/07/2025,"E9. KT SS 2 (1) [JLN SS 2/1-2/4, 2/4A,4B, 2/5-2/23, 2/25, 2/25A]",SELANGOR,34,4,74.625,28.1,2.6
101.60939593900002,3.0808161339999742,26/07/2025,E11. SRI PJS 8 MENTARI COURT,SELANGOR,31,8,77.5,27.9,6.1
101.614875794,3.110574172999975,26/07/2025,"E9. KT SS 2 (1) [JLN SS 2/1-2/4, 2/4A,4B, 2/5-2/23, 2/25, 2/25A]",SELANGOR,35,4,76.0,27.9,6.6
101.614875794,3.110574172999975,26/07/2025,"E9. KT SS 2 (1) [JLN SS 2/1-2/4, 2/4A,4B, 2/5-2/23, 2/25, 2/25A]",SELANGOR,36,4,76.0,27.9,6.6
101.614875794,3.110574172999975,26/07/2025,"E9. KT SS 2 (1) [JLN SS 2/1-2/4, 2/4A,4B, 2/5-2/23, 2/25, 2/25A]",SELANGOR,34,4,76.0,27.9,6.6
101.60939593900002,3.0808161339999742,27/07/2025,E11. SRI PJS 8 MENTARI COURT,SELANGOR,31,8,76.41666666666667,28.6,1.4
101.60939593900002,3.0808161339999742,27/07/2025,E11. SRI PJS 8 MENTARI COURT,SELANGOR,32,8,76.41666666666667,28.6,1.4
101.614875794,3.110574172999975,27/07/2025,"E9. KT SS 2 (1) [JLN SS 2/1-2/4, 2/4A,4B, 2/5-2/23, 2/25, 2/25A]",SELANGOR,35,4,76.33333333333333,28.5,2.3
101.614875794,3.110574172999975,27/07/2025,"E9. KT SS 2 (1) [JLN SS 2/1-2/4, 2/4A,4B, 2/5-2/23, 2/25, 2/25A]",SELANGOR,36,4,76.33333333333333,28.5,2.3
101.614875794,3.110574172999975,27/07/2025,"E9. KT SS 2 (1) [JLN SS 2/1-2/4, 2/4A,4B, 2/5-2/23, 2/25, 2/25A]",SELANGOR,34,4,76.33333333333333,28.5,2.3
101.614875794,3.110574172999975,27/07/2025,"E9. KT SS 2 (1) [JLN SS 2/1-2/4, 2/4A,4B, 2/5-2/23, 2/25, 2/25A]",SELANGOR,37,4,76.33333333333333,28.5,2.3
101.60939593900002,3.0808161339999742,28/07/2025,E11. SRI PJS 8 MENTARI COURT,SELANGOR,33,8,69.54166666666667,29.7,0.2
101.60939593900002,3.0808161339999742,28/07/2025,E11. SRI PJS 8 MENTARI COURT,SELANGOR,31,8,69.54166666666667,29.7,0.2
101.60939593900002,3.0808161339999742,28/07/2025,E11. SRI PJS 8 MENTARI COURT,SELANGOR,32,8,69.54166666666667,29.7,0.2
101.614875794,3.110574172999975,28/07/2025,"E9. KT SS 2 (1) [JLN SS 2/1-2/4, 2/4A,4B, 2/5-2/23, 2/25, 2/25A]",SELANGOR,35,4,69.20833333333333,29.5,0.1
101.614875794,3.110574172999975,28/07/2025,"E9. KT SS 2 (1) [JLN SS 2/1-2/4, 2/4A,4B, 2/5-2/23, 2/25, 2/25A]",SELANGOR,36,4,69.20833333333333,29.5,0.1
101.614875794,3.110574172999975,28/07/2025,"E9. KT SS 2 (1) [JLN SS 2/1-2/4, 2/4A,4B, 2/5-2/23, 2/25, 2/25A]",SELANGOR,34,4,69.20833333333333,29.5,0.1
101.614875794,3.110574172999975,28/07/2025,"E9. KT SS 2 (1) [JLN SS 2/1-2/4, 2/4A,4B, 2/5-2/23, 2/25, 2/25A]",SELANGOR,37,4,69.20833333333333,29.5,0.1
101.60939593900002,3.0808161339999742,29/07/2025,E11. SRI PJS 8 MENTARI COURT,SELANGOR,33,8,65.58333333333333,30.7,1.0
101.60939593900002,3.0808161339999742,29/07/2025,E11. SRI PJS 8 MENTARI COURT,SELANGOR,31,8,65.58333333333333,30.7,1.0
101.60939593900002,3.0808161339999742,29/07/2025,E11. SRI PJS 8 MENTARI COURT,SELANGOR,32,8,65.58333333333333,30.7,1.0
101.60939593900002,3.0808161339999742,29/07/2025,E11. SRI PJS 8 MENTARI COURT,SELANGOR,34,8,65.58333333333333,30.7,1.0
101.614875794,3.110574172999975,29/07/2025,"E9. KT SS 2 (1) [JLN SS 2/1-2/4, 2/4A,4B, 2/5-2/23, 2/25, 2/25A]",SELANGOR,35,4,63.833333333333336,30.8,0.3
101.614875794,3.110574172999975,29/07/2025,"E9. KT SS 2 (1) [JLN SS 2/1-2/4, 2/4A,4B, 2/5-2/23, 2/25, 2/25A]",SELANGOR,36,4,63.833333333333336,30.8,0.3
101.614875794,3.110574172999975,29/07/2025,"E9. KT SS 2 (1) [JLN SS 2/1-2/4, 2/4A,4B, 2/5-2/23, 2/25, 2/25A]",SELANGOR,34,4,63.833333333333336,30.8,0.3
101.614875794,3.110574172999975,29/07/2025,"E9. KT SS 2 (1) [JLN SS 2/1-2/4, 2/4A,4B, 2/5-2/23, 2/25, 2/25A]",SELANGOR,37,4,63.833333333333336,30.8,0.3
101.60939593900002,3.0808161339999742,30/07/2025,E11. SRI PJS 8 MENTARI COURT,SELANGOR,33,8,69.875,29.5,0.6
101.60939593900002,3.0808161339999742,30/07/2025,E11. SRI PJS 8 MENTARI COURT,SELANGOR,31,8,69.875,29.5,0.6
101.60939593900002,3.0808161339999742,30/07/2025,E11. SRI PJS 8 MENTARI COURT,SELANGOR,32,8,69.875,29.5,0.6
101.60939593900002,3.0808161339999742,30/07/2025,E11. SRI PJS 8 MENTARI COURT,SELANGOR,34,8,69.875,29.5,0.6
101.60939593900002,3.0808161339999742,30/07/2025,E11. SRI PJS 8 MENTARI COURT,SELANGOR,35,8,69.875,29.5,0.6
101.614875794,3.110574172999975,30/07/2025,"E9. KT SS 2 (1) [JLN SS 2/1-2/4, 2/4A,4B, 2/5-2/23, 2/25, 2/25A]",SELANGOR,35,4,67.54166666666667,29.6,0.5
101.614875794,3.110574172999975,30/07/2025,"E9. KT SS 2 (1) [JLN SS 2/1-2/4, 2/4A,4B, 2/5-2/23, 2/25, 2/25A]",SELANGOR,36,4,67.54166666666667,29.6,0.5
101.614875794,3.110574172999975,30/07/2025,"E9. KT SS 2 (1) [JLN SS 2/1-2/4, 2/4A,4B, 2/5-2/23, 2/25, 2/25A]",SELANGOR,34,4,67.54166666666667,29.6,0.5
101.614875794,3.110574172999975,30/07/2025,"E9. KT SS 2 (1) [JLN SS 2/1-2/4, 2/4A,4B, 2/5-2/23, 2/25, 2/25A]",SELANGOR,37,4,67.54166666666667,29.6,0.5
101.60939593900002,3.0808161339999742,31/07/2025,E11. SRI PJS 8 MENTARI COURT,SELANGOR,36,8,68.45833333333333,30.1,0.2
101.60939593900002,3.0808161339999742,01/08/2025,E11. SRI PJS 8 MENTARI COURT,SELANGOR,37,8,65.95833333333333,30.2,1.0
101.60939593900002,3.0808161339999742,01/08/2025,E11. SRI PJS 8 MENTARI COURT,SELANGOR,36,8,65.95833333333333,30.2,1.0
101.60939593900002,3.0808161339999742,02/08/2025,E11. SRI PJS 8 MENTARI COURT,SELANGOR,37,8,70.95833333333333,29.3,2.4
101.60939593900002,3.0808161339999742,02/08/2025,E11. SRI PJS 8 MENTARI COURT,SELANGOR,38,9,70.95833333333333,29.3,2.4
101.60939593900002,3.0808161339999742,02/08/2025,E11. SRI PJS 8 MENTARI COURT,SELANGOR,36,8,70.95833333333333,29.3,2.4
101.60939593900002,3.0808161339999742,03/08/2025,E11. SRI PJS 8 MENTARI COURT,SELANGOR,37,8,68.95833333333333,29.4,1.4
101.60939593900002,3.0808161339999742,03/08/2025,E11. SRI PJS 8 MENTARI COURT,SELANGOR,38,9,68.95833333333333,29.4,1.4
101.60939593900002,3.0808161339999742,03/08/2025,E11. SRI PJS 8 MENTARI COURT,SELANGOR,39,9,68.95833333333333,29.4,1.4
101.60939593900002,3.0808161339999742,03/08/2025,E11. SRI PJS 8 MENTARI COURT,SELANGOR,36,8,68.95833333333333,29.4,1.4
101.60939593900002,3.0808161339999742,04/08/2025,E11. SRI PJS 8 MENTARI COURT,SELANGOR,37,8,79.95833333333333,27.3,32.4
101.60939593900002,3.0808161339999742,04/08/2025,E11. SRI PJS 8 MENTARI COURT,SELANGOR,40,9,79.95833333333333,27.3,32.4
101.60939593900002,3.0808161339999742,04/08/2025,E11. SRI PJS 8 MENTARI COURT,SELANGOR,38,9,79.95833333333333,27.3,32.4
101.60939593900002,3.0808161339999742,04/08/2025,E11. SRI PJS 8 MENTARI COURT,SELANGOR,39,9,79.95833333333333,27.3,32.4
101.60939593900002,3.0808161339999742,04/08/2025,E11. SRI PJS 8 MENTARI COURT,SELANGOR,36,8,79.95833333333333,27.3,32.4
101.60939593900002,3.0808161339999742,05/08/2025,E11. SRI PJS 8 MENTARI COURT,SELANGOR,37,8,76.58333333333333,27.5,0.2
101.60939593900002,3.0808161339999742,05/08/2025,E11. SRI PJS 8 MENTARI COURT,SELANGOR,40,9,76.58333333333333,27.5,0.2
101.60939593900002,3.0808161339999742,05/08/2025,E11. SRI PJS 8 MENTARI COURT,SELANGOR,41,9,76.58333333333333,27.5,0.2
101.60939593900002,3.0808161339999742,05/08/2025,E11. SRI PJS 8 MENTARI COURT,SELANGOR,38,9,76.58333333333333,27.5,0.2
101.60939593900002,3.0808161339999742,05/08/2025,E11. SRI PJS 8 MENTARI COURT,SELANGOR,39,9,76.58333333333333,27.5,0.2
101.60939593900002,3.0808161339999742,05/08/2025,E11. SRI PJS 8 MENTARI COURT,SELANGOR,36,8,76.58333333333333,27.5,0.2
101.60939593900002,3.0808161339999742,06/08/2025,E11. SRI PJS 8 MENTARI COURT,SELANGOR,42,9,79.29166666666667,27.8,3.9
101.60939593900002,3.0808161339999742,06/08/2025,E11. SRI PJS 8 MENTARI COURT,SELANGOR,37,8,79.29166666666667,27.8,3.9
101.60939593900002,3.0808161339999742,06/08/2025,E11. SRI PJS 8 MENTARI COURT,SELANGOR,40,9,79.29166666666667,27.8,3.9
101.60939593900002,3.0808161339999742,06/08/2025,E11. SRI PJS 8 MENTARI COURT,SELANGOR,41,9,79.29166666666667,27.8,3.9
101.60939593900002,3.0808161339999742,06/08/2025,E11. SRI PJS 8 MENTARI COURT,SELANGOR,38,9,79.29166666666667,27.8,3.9
101.60939593900002,3.0808161339999742,06/08/2025,E11. SRI PJS 8 MENTARI COURT,SELANGOR,39,9,79.29166666666667,27.8,3.9
101.60939593900002,3.0808161339999742,06/08/2025,E11. SRI PJS 8 MENTARI COURT,SELANGOR,36,8,79.29166666666667,27.8,3.9
101.60939593900002,3.0808161339999742,07/08/2025,E11. SRI PJS 8 MENTARI COURT,SELANGOR,43,9,76.95833333333333,28.2,2.6
101.60939593900002,3.0808161339999742,08/08/2025,E11. SRI PJS 8 MENTARI COURT,SELANGOR,44,9,75.95833333333333,27.8,2.3
101.60939593900002,3.0808161339999742,08/08/2025,E11. SRI PJS 8 MENTARI COURT,SELANGOR,43,9,75.95833333333333,27.8,2.3
101.60939593900002,3.0808161339999742,09/08/2025,E11. SRI PJS 8 MENTARI COURT,SELANGOR,44,9,78.0,28.1,0.4
101.60939593900002,3.0808161339999742,09/08/2025,E11. SRI PJS 8 MENTARI COURT,SELANGOR,45,9,78.0,28.1,0.4
101.60939593900002,3.0808161339999742,09/08/2025,E11. SRI PJS 8 MENTARI COURT,SELANGOR,43,9,78.0,28.1,0.4
101.60939593900002,3.0808161339999742,10/08/2025,E11. SRI PJS 8 MENTARI COURT,SELANGOR,44,9,84.75,26.5,7.7
101.60939593900002,3.0808161339999742,10/08/2025,E11. SRI PJS 8 MENTARI COURT,SELANGOR,45,9,84.75,26.5,7.7
101.60939593900002,3.0808161339999742,10/08/2025,E11. SRI PJS 8 MENTARI COURT,SELANGOR,43,9,84.75,26.5,7.7
101.60939593900002,3.0808161339999742,11/08/2025,E11. SRI PJS 8 MENTARI COURT,SELANGOR,44,9,82.41666666666667,26.7,2.1
101.60939593900002,3.0808161339999742,11/08/2025,E11. SRI PJS 8 MENTARI COURT,SELANGOR,45,9,82.41666666666667,26.7,2.1
101.60939593900002,3.0808161339999742,11/08/2025,E11. SRI PJS 8 MENTARI COURT,SELANGOR,43,9,82.41666666666667,26.7,2.1
101.60939593900002,3.0808161339999742,11/08/2025,E11. SRI PJS 8 MENTARI COURT,SELANGOR,47,9,82.41666666666667,26.7,2.1
101.60939593900002,3.0808161339999742,12/08/2025,E11. SRI PJS 8 MENTARI COURT,SELANGOR,48,9,75.125,28.0,1.6
101.60939593900002,3.0808161339999742,12/08/2025,E11. SRI PJS 8 MENTARI COURT,SELANGOR,44,9,75.125,28.0,1.6
101.60939593900002,3.0808161339999742,12/08/2025,E11. SRI PJS 8 MENTARI COURT,SELANGOR,45,9,75.125,28.0,1.6
101.60939593900002,3.0808161339999742,12/08/2025,E11. SRI PJS 8 MENTARI COURT,SELANGOR,43,9,75.125,28.0,1.6
101.60939593900002,3.0808161339999742,12/08/2025,E11. SRI PJS 8 MENTARI COURT,SELANGOR,47,9,75.125,28.0,1.6
101.60939593900002,3.0808161339999742,13/08/2025,E11. SRI PJS 8 MENTARI COURT,SELANGOR,48,9,71.83333333333333,28.1,0.0
101.60939593900002,3.0808161339999742,13/08/2025,E11. SRI PJS 8 MENTARI COURT,SELANGOR,44,9,71.83333333333333,28.1,0.0
101.60939593900002,3.0808161339999742,13/08/2025,E11. SRI PJS 8 MENTARI COURT,SELANGOR,49,9,71.83333333333333,28.1,0.0
101.60939593900002,3.0808161339999742,13/08/2025,E11. SRI PJS 8 MENTARI COURT,SELANGOR,45,9,71.83333333333333,28.1,0.0
101.60939593900002,3.0808161339999742,13/08/2025,E11. SRI PJS 8 MENTARI COURT,SELANGOR,43,9,71.83333333333333,28.1,0.0
101.60939593900002,3.0808161339999742,13/08/2025,E11. SRI PJS 8 MENTARI COURT,SELANGOR,47,9,71.83333333333333,28.1,0.0
101.60939593900002,3.0808161339999742,14/08/2025,E11. SRI PJS 8 MENTARI COURT,SELANGOR,50,9,76.95833333333333,27.6,1.9
101.60939593900002,3.0808161339999742,15/08/2025,E11. SRI PJS 8 MENTARI COURT,SELANGOR,50,9,78.79166666666667,27.0,10.8
101.60939593900002,3.0808161339999742,16/08/2025,E11. SRI PJS 8 MENTARI COURT,SELANGOR,50,9,78.70833333333333,27.4,3.6
101.60939593900002,3.0808161339999742,17/08/2025,E11. SRI PJS 8 MENTARI COURT,SELANGOR,50,9,74.58333333333333,28.3,0.2
101.60939593900002,3.0808161339999742,18/08/2025,E11. SRI PJS 8 MENTARI COURT,SELANGOR,50,9,73.16666666666667,28.1,4.1
101.60939593900002,3.0808161339999742,19/08/2025,E11. SRI PJS 8 MENTARI COURT,SELANGOR,50,9,74.25,27.4,0.4
101.60939593900002,3.0808161339999742,20/08/2025,E11. SRI PJS 8 MENTARI COURT,SELANGOR,50,9,79.16666666666667,27.3,2.6
101.62187576299999,3.108956099000011,09/10/2025,"E8. BU SS 21 (2) [JLN SS 21/15,17,19,21,22,24,26,28,30,32,34,36,38,40,42A]",SELANGOR,31,13,74.33333333333333,28.450000000000003,1.7
101.62187576299999,3.108956099000011,10/10/2025,"E8. BU SS 21 (2) [JLN SS 21/15,17,19,21,22,24,26,28,30,32,34,36,38,40,42A]",SELANGOR,32,14,73.625,28.549999999999997,0.3
101.62187576299999,3.108956099000011,10/10/2025,"E8. BU SS 21 (2) [JLN SS 21/15,17,19,21,22,24,26,28,30,32,34,36,38,40,42A]",SELANGOR,31,13,73.625,28.549999999999997,0.3
101.62187576299999,3.108956099000011,11/10/2025,"E8. BU SS 21 (2) [JLN SS 21/15,17,19,21,22,24,26,28,30,32,34,36,38,40,42A]",SELANGOR,32,14,79.75,27.6,1.6
101.62187576299999,3.108956099000011,11/10/2025,"E8. BU SS 21 (2) [JLN SS 21/15,17,19,21,22,24,26,28,30,32,34,36,38,40,42A]",SELANGOR,31,13,79.75,27.6,1.6
101.62187576299999,3.108956099000011,11/10/2025,"E8. BU SS 21 (2) [JLN SS 21/15,17,19,21,22,24,26,28,30,32,34,36,38,40,42A]",SELANGOR,33,14,79.75,27.6,1.6
101.62187576299999,3.108956099000011,12/10/2025,"E8. BU SS 21 (2) [JLN SS 21/15,17,19,21,22,24,26,28,30,32,34,36,38,40,42A]",SELANGOR,34,14,77.875,28.4,5.3
101.62187576299999,3.108956099000011,12/10/2025,"E8. BU SS 21 (2) [JLN SS 21/15,17,19,21,22,24,26,28,30,32,34,36,38,40,42A]",SELANGOR,32,14,77.875,28.4,5.3
101.62187576299999,3.108956099000011,12/10/2025,"E8. BU SS 21 (2) [JLN SS 21/15,17,19,21,22,24,26,28,30,32,34,36,38,40,42A]",SELANGOR,31,13,77.875,28.4,5.3
101.62187576299999,3.108956099000011,12/10/2025,"E8. BU SS 21 (2) [JLN SS 21/15,17,19,21,22,24,26,28,30,32,34,36,38,40,42A]",SELANGOR,33,14,77.875,28.4,5.3
101.62187576299999,3.108956099000011,13/10/2025,"E8. BU SS 21 (2) [JLN SS 21/15,17,19,21,22,24,26,28,30,32,34,36,38,40,42A]",SELANGOR,34,14,76.08333333333333,28.85,1.3
101.62187576299999,3.108956099000011,13/10/2025,"E8. BU SS 21 (2) [JLN SS 21/15,17,19,21,22,24,26,28,30,32,34,36,38,40,42A]",SELANGOR,32,14,76.08333333333333,28.85,1.3
101.62187576299999,3.108956099000011,13/10/2025,"E8. BU SS 21 (2) [JLN SS 21/15,17,19,21,22,24,26,28,30,32,34,36,38,40,42A]",SELANGOR,35,14,76.08333333333333,28.85,1.3
101.62187576299999,3.108956099000011,13/10/2025,"E8. BU SS 21 (2) [JLN SS 21/15,17,19,21,22,24,26,28,30,32,34,36,38,40,42A]",SELANGOR,31,13,76.08333333333333,28.85,1.3
101.62187576299999,3.108956099000011,13/10/2025,"E8. BU SS 21 (2) [JLN SS 21/15,17,19,21,22,24,26,28,30,32,34,36,38,40,42A]",SELANGOR,33,14,76.08333333333333,28.85,1.3
101.62187576299999,3.108956099000011,14/10/2025,"E8. BU SS 21 (2) [JLN SS 21/15,17,19,21,22,24,26,28,30,32,34,36,38,40,42A]",SELANGOR,34,14,76.125,29.25,8.8
101.62187576299999,3.108956099000011,14/10/2025,"E8. BU SS 21 (2) [JLN SS 21/15,17,19,21,22,24,26,28,30,32,34,36,38,40,42A]",SELANGOR,32,14,76.125,29.25,8.8
101.62187576299999,3.108956099000011,14/10/2025,"E8. BU SS 21 (2) [JLN SS 21/15,17,19,21,22,24,26,28,30,32,34,36,38,40,42A]",SELANGOR,35,14,76.125,29.25,8.8
101.62187576299999,3.108956099000011,14/10/2025,"E8. BU SS 21 (2) [JLN SS 21/15,17,19,21,22,24,26,28,30,32,34,36,38,40,42A]",SELANGOR,31,13,76.125,29.25,8.8
101.62187576299999,3.108956099000011,14/10/2025,"E8. BU SS 21 (2) [JLN SS 21/15,17,19,21,22,24,26,28,30,32,34,36,38,40,42A]",SELANGOR,33,14,76.125,29.25,8.8
101.62187576299999,3.108956099000011,14/10/2025,"E8. BU SS 21 (2) [JLN SS 21/15,17,19,21,22,24,26,28,30,32,34,36,38,40,42A]",SELANGOR,36,14,76.125,29.25,8.8
101.62187576299999,3.108956099000011,15/10/2025,"E8. BU SS 21 (2) [JLN SS 21/15,17,19,21,22,24,26,28,30,32,34,36,38,40,42A]",SELANGOR,34,14,74.83333333333333,30.15,12.2
101.62187576299999,3.108956099000011,15/10/2025,"E8. BU SS 21 (2) [JLN SS 21/15,17,19,21,22,24,26,28,30,32,34,36,38,40,42A]",SELANGOR,32,14,74.83333333333333,30.15,12.2
101.62187576299999,3.108956099000011,15/10/2025,"E8. BU SS 21 (2) [JLN SS 21/15,17,19,21,22,24,26,28,30,32,34,36,38,40,42A]",SELANGOR,35,14,74.83333333333333,30.15,12.2
101.62187576299999,3.108956099000011,15/10/2025,"E8. BU SS 21 (2) [JLN SS 21/15,17,19,21,22,24,26,28,30,32,34,36,38,40,42A]",SELANGOR,31,13,74.83333333333333,30.15,12.2
101.62187576299999,3.108956099000011,15/10/2025,"E8. BU SS 21 (2) [JLN SS 21/15,17,19,21,22,24,26,28,30,32,34,36,38,40,42A]",SELANGOR,33,14,74.83333333333333,30.15,12.2
101.62187576299999,3.108956099000011,15/10/2025,"E8. BU SS 21 (2) [JLN SS 21/15,17,19,21,22,24,26,28,30,32,34,36,38,40,42A]",SELANGOR,36,14,74.83333333333333,30.15,12.2
101.62187576299999,3.108956099000011,16/10/2025,"E8. BU SS 21 (2) [JLN SS 21/15,17,19,21,22,24,26,28,30,32,34,36,38,40,42A]",SELANGOR,38,14,79.79166666666667,28.75,3.0
101.62187576299999,3.108956099000011,16/10/2025,"E8. BU SS 21 (2) [JLN SS 21/15,17,19,21,22,24,26,28,30,32,34,36,38,40,42A]",SELANGOR,38,14,81.83333333333333,28.599999999999998,14.4
101.62187576299999,3.108956099000011,17/10/2025,"E8. BU SS 21 (2) [JLN SS 21/15,17,19,21,22,24,26,28,30,32,34,36,38,40,42A]",SELANGOR,38,14,83.0,27.65,5.8
101.62187576299999,3.108956099000011,18/10/2025,"E8. BU SS 21 (2) [JLN SS 21/15,17,19,21,22,24,26,28,30,32,34,36,38,40,42A]",SELANGOR,40,14,83.20833333333333,28.0,10.8
101.62187576299999,3.108956099000011,18/10/2025,"E8. BU SS 21 (2) [JLN SS 21/15,17,19,21,22,24,26,28,30,32,34,36,38,40,42A]",SELANGOR,38,14,83.20833333333333,28.0,10.8
101.62187576299999,3.108956099000011,19/10/2025,"E8. BU SS 21 (2) [JLN SS 21/15,17,19,21,22,24,26,28,30,32,34,36,38,40,42A]",SELANGOR,40,14,83.125,27.95,6.3
101.62187576299999,3.108956099000011,19/10/2025,"E8. BU SS 21 (2) [JLN SS 21/15,17,19,21,22,24,26,28,30,32,34,36,38,40,42A]",SELANGOR,38,14,83.125,27.95,6.3
101.62187576299999,3.108956099000011,19/10/2025,"E8. BU SS 21 (2) [JLN SS 21/15,17,19,21,22,24,26,28,30,32,34,36,38,40,42A]",SELANGOR,41,14,83.125,27.95,6.3
